image,corruption,level,blur,saturation,entropy,brightness,health,det_conf,n_det
bus.jpg,clean,0,4425.248853800075,0.04993489583333333,7.906291834276168,116.30082682291666,97.22684348366477,0.6555637121200562,6
bus.jpg,blur,1,116.34878719329834,0.035615234375,7.838741572209288,116.30517252604167,88.88036328587387,0.7398028373718262,5
bus.jpg,blur,2,24.553833215967813,0.028704427083333334,7.810672459673701,116.30281575520833,64.70368177011508,0.6670905947685242,6
bus.jpg,blur,3,9.977248627122243,0.023499348958333333,7.786764972091839,116.302705078125,61.04429710667388,0.6719796657562256,6
bus.jpg,blur,4,5.708840832349989,0.018391927083333332,7.760247494163739,116.303779296875,60.129675633536706,0.6479392647743225,6
bus.jpg,blur,5,3.9986651568942593,0.014375,7.734521963080225,116.303935546875,59.849394204598894,0.7349395751953125,4
bus.jpg,dark,1,3927.6071655678647,0.11935221354166667,7.558002098114974,77.93075846354166,88.0855067767519,0.7251935005187988,5
bus.jpg,dark,2,3156.16135262501,0.23268880208333334,7.072071565004164,53.716442057291665,79.27475341796875,0.7237910032272339,5
bus.jpg,dark,3,2410.9393081622657,0.3327408854166667,6.561423323643201,37.409375,69.56206442215446,0.6909695267677307,4
bus.jpg,dark,4,1805.9859904293064,0.423818359375,6.070397451365815,26.115319010416666,61.75378482269353,0.5073046684265137,5
bus.jpg,dark,5,1359.4266058649591,0.49573893229166666,5.60272607250192,18.108567708333332,57.55703736128094,0.5940658450126648,3
bus.jpg,overexpose,1,5689.749193999565,0.24369466145833332,7.146739156750707,162.87577473958333,82.51721257990057,0.668370246887207,6
bus.jpg,overexpose,2,5420.1126703552245,0.4430208333333333,5.78137889087494,190.558154296875,63.6584571571019,0.8343077301979065,4
bus.jpg,overexpose,3,4561.9872670335135,0.5604166666666667,4.650895240993309,208.397109375,53.75491876473091,0.6407654285430908,6
bus.jpg,overexpose,4,3563.369512412135,0.63458984375,3.926558964016085,220.48180338541667,47.30525207742061,0.6841026544570923,5
bus.jpg,overexpose,5,2720.681061541144,0.69,3.4200832311103326,229.12681640625,42.76443576617254,0.6059749722480774,5
bus.jpg,noise,1,4973.7686224108265,0.04761393229166667,7.920811151840376,115.90799153645834,97.26588911576705,0.7238595485687256,5
bus.jpg,noise,2,6517.475754353672,0.045289713541666665,7.931580058682018,116.06859375,97.3931240382339,0.7440219521522522,4
bus.jpg,noise,3,9001.011297915045,0.04548502604166667,7.940186819222786,116.32616861979167,97.42555693655304,0.571393609046936,5
bus.jpg,noise,4,12254.933678211806,0.04739908854166667,7.947731312691215,116.574365234375,97.38130252722537,0.7119572162628174,3
bus.jpg,noise,5,16145.921162801065,0.049150390625,7.952910143355714,116.91019205729167,97.35811005563447,0.6853621602058411,3
bus.jpg,rain,1,322.99465604781045,0.038902994791666666,7.864109968067021,117.14925130208333,97.8444657759233,0.8337201476097107,4
bus.jpg,rain,2,124.27485956318114,0.03414713541666667,7.858061870269565,117.89611979166666,91.31131716074034,0.738985002040863,5
bus.jpg,rain,3,47.33380748138428,0.026656901041666667,7.838921443115896,118.65164713541667,71.24159855812766,0.6577962636947632,6
bus.jpg,rain,4,27.45642847102483,0.022822265625,7.831554313148711,119.4664453125,66.2383564375621,0.8059239387512207,4
bus.jpg,rain,5,16.931379825803965,0.021276041666666665,7.822680293750516,120.27440755208333,63.540552050375375,0.8304814100265503,4
street_0000.jpg,clean,0,537.225128629515,0.016136067708333333,7.548554919931439,119.865185546875,99.27259928385416,0.6956983208656311,6
street_0000.jpg,blur,1,44.120975408554074,0.009957682291666667,7.511554208911782,119.87504231770833,71.31006521074698,0.7049704194068909,6
street_0000.jpg,blur,2,11.37455720960829,0.006256510416666666,7.4852389333477145,119.87981770833333,62.74037301512849,0.6504615545272827,7
street_0000.jpg,blur,3,5.360159493668874,0.004134114583333333,7.461302941473692,119.88563802083333,61.23031440072647,0.6409781575202942,7
street_0000.jpg,blur,4,3.465634757900238,0.0025130208333333333,7.438722139528614,119.89007161458333,60.79673600054423,0.7601111531257629,5
street_0000.jpg,blur,5,2.6651269492997063,0.001376953125,7.419255339855459,119.89455078125,60.63368280852064,0.7330834269523621,5
street_0000.jpg,dark,1,527.5326169361962,0.019228515625,7.324918540805559,77.61555338541666,92.41577229817707,0.6712279319763184,6
street_0000.jpg,dark,2,534.812124861304,0.07455078125,6.928586647145599,51.265247395833335,85.35699558703689,0.6938936710357666,6
street_0000.jpg,dark,3,586.7305018520356,0.22993815104166668,6.434683028901369,34.099986979166665,72.74106366015533,0.5729741454124451,7
street_0000.jpg,dark,4,645.15962793986,0.4144368489583333,5.902985116598748,22.845797526041668,60.1873065851579,0.6174783110618591,6
street_0000.jpg,dark,5,704.3741516044511,0.519580078125,5.405967429584727,15.599899088541667,55.92818947171799,0.5472795367240906,6
street_0000.jpg,overexpose,1,714.5754505570729,0.195322265625,6.983133948496037,170.40600260416667,83.33010127907087,0.6865358948707581,6
street_0000.jpg,overexpose,2,694.4109347207706,0.37227213541666665,6.012950479950817,204.09859049479167,64.16471336013295,0.6951231956481934,6
street_0000.jpg,overexpose,3,569.905648268636,0.4889453125,5.131798383152464,226.50474283854166,53.87980353402582,0.6380611062049866,7
street_0000.jpg,overexpose,4,443.0564168382326,0.5895247395833333,4.389156959040422,238.17232747395835,48.68223099400264,0.7190024852752686,5
street_0000.jpg,overexpose,5,343.8152530667517,0.683876953125,3.7638513354661733,244.16021484375,44.774070846663584,0.6131066083908081,7
street_0000.jpg,noise,1,1100.5429587737083,0.014690755208333333,7.587963907648372,119.43408528645833,99.26724757339016,0.7652875781059265,5
street_0000.jpg,noise,2,2787.0289429054155,0.012027994791666666,7.642728651896537,119.48647786458334,99.39207852450285,0.7536908388137817,5
street_0000.jpg,noise,3,5522.820150644079,0.011839192708333333,7.695833158551977,119.48668619791667,99.40037175958807,0.694155216217041,6
street_0000.jpg,noise,4,9253.648643530276,0.013365885416666667,7.745886197051995,119.62498372395834,99.35558083274148,0.6647011637687683,6
street_0000.jpg,noise,5,13771.743824466865,0.015979817708333333,7.788517802225472,119.76557291666667,99.26358775745739,0.7105509638786316,5
street_0000.jpg,rain,1,108.58715946244133,0.012171223958333333,7.547264783594665,120.749599609375,88.30483032516427,0.6722834706306458,7
street_0000.jpg,rain,2,52.67876601562501,0.009853515625,7.544153862991927,121.496650390625,73.37847615767046,0.6976678371429443,6
street_0000.jpg,rain,3,22.92955986861123,0.007578125,7.528884918117286,122.29615885416666,65.4177083300198,0.6898154616355896,6
street_0000.jpg,rain,4,14.298522131178116,0.005875651041666667,7.533707312901131,123.08214518229167,63.065538222906966,0.7135668396949768,6
street_0000.jpg,rain,5,9.44970980571111,0.004488932291666667,7.5198825543549255,123.80406575520833,61.71833954785819,0.7325448989868164,5
street_0070.jpg,clean,0,619.0413454140557,0.016455078125,7.550775225303854,120.57021158854167,99.18937485203598,0.727769672870636,8
street_0070.jpg,blur,1,49.552979719373916,0.009397786458333333,7.5079939740900254,120.57951822916667,72.71077868570141,0.7492508888244629,8
street_0070.jpg,blur,2,12.709231613116794,0.00591796875,7.47678936225342,120.57930338541667,63.038055395126605,0.6903298497200012,9
street_0070.jpg,blur,3,5.82307941877577,0.003857421875,7.4516653783813895,120.58231119791667,61.29141855345858,0.7131963968276978,8
street_0070.jpg,blur,4,3.6801822821299237,0.002177734375,7.427604951492981,120.584580078125,60.79310468692972,0.6955453157424927,8
street_0070.jpg,blur,5,2.7755826821962994,0.001171875,7.407179149620975,120.58671875,60.59554423135083,0.646372377872467,9
street_0070.jpg,dark,1,599.2291631824811,0.020416666666666666,7.327412888566071,78.28294596354166,92.4699667820786,0.7083557844161987,8
street_0070.jpg,dark,2,591.7957576621903,0.07590494791666667,6.934027495557107,51.833385416666665,85.42214169216564,0.7063459157943726,8
street_0070.jpg,dark,3,628.3787227189382,0.2287890625,6.443191895094746,34.55763671875,72.9173246106774,0.7473710775375366,7
street_0070.jpg,dark,4,674.4631175231933,0.4056217447916667,5.914214374722739,23.190462239583333,60.312322471041746,0.7345937490463257,7
street_0070.jpg,dark,5,720.9860414930555,0.512578125,5.417643604787209,15.760992838541666,56.02679411786986,0.6113828420639038,9
street_0070.jpg,overexpose,1,823.5070883894921,0.21421549479166666,6.973360613970127,171.5004296875,82.26832576262106,0.6502237319946289,10
street_0070.jpg,overexpose,2,794.0538349690331,0.3768489583333333,5.972263502491681,204.60047526041666,63.63033844478703,0.6461676955223083,11
street_0070.jpg,overexpose,3,651.5826260103755,0.4976627604166667,5.1250691920447835,226.44056966145834,53.84795545868426,0.6670130491256714,10
street_0070.jpg,overexpose,4,506.19405433332656,0.5934016927083333,4.405301896589077,238.02405598958333,48.78313685368173,0.7450488805770874,8
street_0070.jpg,overexpose,5,392.22274959987004,0.684697265625,3.7568525793729464,244.03665364583333,44.730328621080915,0.7161070704460144,9
street_0070.jpg,noise,1,1182.0630438984763,0.014964192708333334,7.588931827833317,120.09841471354167,99.32965968276515,0.7869747877120972,7
street_0070.jpg,noise,2,2863.7408090567587,0.012845052083333334,7.643600259653203,120.17717447916667,99.40984212239583,0.7640475630760193,7
street_0070.jpg,noise,3,5629.644796181191,0.012249348958333333,7.700971414221728,120.154248046875,99.43955152107007,0.7690430879592896,7
street_0070.jpg,noise,4,9291.988057794348,0.013310546875,7.751371628127775,120.241806640625,99.3791943359375,0.7142139673233032,8
street_0070.jpg,noise,5,13770.073543576971,0.015751953125,7.792772964602843,120.42618815104167,99.24304939038826,0.690489649772644,8
street_0070.jpg,rain,1,120.84104122479756,0.011448567708333333,7.541323016894211,121.41954752604167,91.49756571629072,0.7897449135780334,7
street_0070.jpg,rain,2,58.39024978027344,0.009313151041666667,7.54331834744343,122.20923502604167,74.81181370797823,0.7366519570350647,8
street_0070.jpg,rain,3,25.39050060763889,0.007135416666666667,7.527669732036474,123.02504231770833,65.97736895050768,0.7295804619789124,8
street_0070.jpg,rain,4,15.686353299925061,0.005289713541666667,7.518725679870386,123.858046875,63.33782239453968,0.7252305746078491,8
street_0070.jpg,rain,5,10.183075793361663,0.004029947916666667,7.519181131909928,124.62212890625,61.80383796724493,0.746498167514801,7
street_0140.jpg,clean,0,601.2917181191339,0.016324869791666665,7.580141182852861,122.96933919270833,98.81339207504735,0.6311805844306946,12
street_0140.jpg,blur,1,47.99610484784445,0.009140625,7.541574676341361,122.977314453125,71.92539528601137,0.6250772476196289,12
street_0140.jpg,blur,2,12.227109190368653,0.005660807291666667,7.512142149225472,122.97740559895833,62.539223968283906,0.5771218538284302,13
street_0140.jpg,blur,3,5.640292963621352,0.0036295572916666668,7.48889806004712,122.97997721354167,60.8711977081494,0.6157841086387634,11
street_0140.jpg,blur,4,3.6071744770897762,0.002177734375,7.466758275815548,122.981669921875,60.39228073650425,0.6401665210723877,10
street_0140.jpg,blur,5,2.7312532528241475,0.0010872395833333333,7.447829833819507,122.98419270833334,60.20600953811106,0.656348466873169,9
street_0140.jpg,dark,1,594.1670230779011,0.017464192708333333,7.373152075046237,80.68777669270834,92.98172422466855,0.6204760074615479,12
street_0140.jpg,dark,2,596.1322394078468,0.07266927083333333,6.993336429755902,54.00866861979166,86.28045118561927,0.6217160820960999,11
street_0140.jpg,dark,3,634.2790288024478,0.22261067708333335,6.514805195997076,36.406865234375,73.92940754896374,0.5868859887123108,11
street_0140.jpg,dark,4,687.3419929706891,0.39567708333333335,5.996397142926265,24.680087890625,61.2520782755098,0.6264546513557434,7
street_0140.jpg,dark,5,736.3494106918336,0.5022493489583333,5.504402951312017,16.871969401041667,56.745786304956745,0.6121686697006226,5
street_0140.jpg,overexpose,1,782.51295595168,0.23332356770833335,6.896646858864239,173.414599609375,80.64835957007953,0.5956318974494934,12
street_0140.jpg,overexpose,2,740.3623795132002,0.385986328125,5.889665094242774,205.90395182291667,62.50696719353912,0.5780947208404541,12
street_0140.jpg,overexpose,3,607.9192311146949,0.5076985677083333,5.062339305260203,227.301123046875,53.318987445873425,0.5836698412895203,12
street_0140.jpg,overexpose,4,475.532145483229,0.60044921875,4.345409375107661,238.72693033854168,48.40880859442288,0.5776471495628357,11
street_0140.jpg,overexpose,5,367.8748553359879,0.6914713541666667,3.677899358494414,244.616162109375,44.23687099059009,0.606665313243866,9
street_0140.jpg,noise,1,1165.5958951525265,0.014749348958333333,7.618057567244106,122.48924479166666,98.95869976621685,0.6379390358924866,11
street_0140.jpg,noise,2,2839.956497362603,0.012623697916666666,7.67201890754262,122.51227213541667,99.04803355823863,0.6942375898361206,9
street_0140.jpg,noise,3,5574.63018536503,0.0121875,7.723461742103435,122.537548828125,99.06309592507102,0.621333658695221,10
street_0140.jpg,noise,4,9272.04970908304,0.0141015625,7.771534359737975,122.654375,98.96076970880682,0.6444998979568481,9
street_0140.jpg,noise,5,13740.43354119109,0.016988932291666668,7.81328623836427,122.64601888020833,98.83577666311554,0.5491268038749695,8
street_0140.jpg,rain,1,117.33540093277824,0.01150390625,7.571226951534231,123.84108723958333,90.17506228946056,0.5853134393692017,13
street_0140.jpg,rain,2,56.01298219374551,0.0091796875,7.588012256619757,124.58614583333333,73.80556981369197,0.558782696723938,13
street_0140.jpg,rain,3,24.487195662169984,0.0067740885416666665,7.549474116985733,125.42611979166666,65.37030613905499,0.6111993789672852,11
street_0140.jpg,rain,4,15.293970859781899,0.005426432291666667,7.552075649448465,126.16801432291666,62.859710810596205,0.5915380120277405,11
street_0140.jpg,rain,5,9.806907383855185,0.00453125,7.561575913419068,126.97289713541667,61.307608570590546,0.6570364236831665,10
street_0210.jpg,clean,0,568.734527466827,0.016370442708333332,7.571311305457529,119.34396809895833,99.17942441998106,0.6363303661346436,10
street_0210.jpg,blur,1,46.173266643683114,0.009993489583333333,7.530304879867295,119.35235677083334,71.77262178561664,0.5792595148086548,12
street_0210.jpg,blur,2,11.865943688699932,0.006539713541666666,7.50064428958728,119.354169921875,62.77539348862491,0.5825934410095215,11
street_0210.jpg,blur,3,5.528640941524506,0.004567057291666667,7.475953102518042,119.357978515625,61.17235571295767,0.5910082459449768,10
street_0210.jpg,blur,4,3.551386013412476,0.0029654947916666666,7.452783463474393,119.362197265625,60.715827256275524,0.5952272415161133,9
street_0210.jpg,blur,5,2.7126201815181314,0.0020377604166666665,7.434055410822766,119.36652994791666,60.53343403704119,0.5944511890411377,8
street_0210.jpg,dark,1,553.8056868481,0.020641276041666667,7.3408808834726,77.2430078125,92.2946954160748,0.643754780292511,10
street_0210.jpg,dark,2,556.2349509551896,0.079248046875,6.937981226836001,51.036051432291664,85.17374334480834,0.6248823404312134,10
street_0210.jpg,dark,3,598.7518897216692,0.238818359375,6.439694114667172,34.01053059895833,72.36964213475694,0.6212862730026245,9
street_0210.jpg,dark,4,652.2461100247596,0.41838216145833335,5.906280850228681,22.857431640625,60.20975580221051,0.5450671911239624,10
street_0210.jpg,dark,5,701.364073492421,0.5214680989583333,5.4069107682064015,15.620992838541667,55.937441161967094,0.5310269594192505,6
street_0210.jpg,overexpose,1,758.0195231777191,0.193056640625,7.0287251820364505,169.56005859375,83.66921719637784,0.6622593998908997,9
street_0210.jpg,overexpose,2,742.966728045898,0.37217122395833335,6.0218458543312465,203.16341145833334,64.37350280938563,0.564264714717865,12
street_0210.jpg,overexpose,3,617.5178936163585,0.484482421875,5.1773273540084235,225.57212890625,54.3127300001947,0.5265105962753296,13
street_0210.jpg,overexpose,4,480.1220500427247,0.587138671875,4.449976513521439,237.50853190104166,49.062353209509,0.588611364364624,10
street_0210.jpg,overexpose,5,373.60206790970693,0.676845703125,3.8208871531990445,243.715,45.13054470749403,0.5623691082000732,9
street_0210.jpg,noise,1,1133.463739196258,0.014977213541666666,7.608193695159784,118.86600260416667,99.16433823094223,0.624018669128418,10
street_0210.jpg,noise,2,2813.676518106927,0.013046875,7.657459636586073,118.906337890625,99.25520751953125,0.6604030132293701,9
street_0210.jpg,noise,3,5553.3873413590745,0.012317708333333333,7.709591455066072,119.00434244791667,99.30270019531251,0.6317580938339233,9
street_0210.jpg,noise,4,9299.869653717677,0.013909505208333334,7.754005440549031,119.05855143229167,99.24168323863636,0.5889008641242981,9
street_0210.jpg,noise,5,13787.73030140241,0.016875,7.797228546600535,119.222294921875,99.13799294211647,0.5084758996963501,10
street_0210.jpg,rain,1,112.58243558068806,0.011845703125,7.555008331602581,120.206416015625,89.47089439822136,0.6214529871940613,11
street_0210.jpg,rain,2,54.902244065337705,0.009850260416666666,7.562099010657892,120.97060546875,74.05523501780216,0.5537716150283813,13
street_0210.jpg,rain,3,23.884416545857327,0.00779296875,7.544180945595933,121.83353190104167,65.73653710576555,0.6762524843215942,8
street_0210.jpg,rain,4,14.857577921379937,0.006468098958333333,7.552130090179727,122.639892578125,63.25905853945132,0.5984609127044678,9
street_0210.jpg,rain,5,9.64072600771586,0.00521484375,7.521157921147351,123.39749348958334,61.802200526773476,0.5880864262580872,9
street_0280.jpg,clean,0,591.7620622293155,0.016988932291666668,7.551147851413541,119.11402994791666,99.11578443122633,0.7036412954330444,10
street_0280.jpg,blur,1,48.330092764441176,0.010179036458333334,7.508294262009459,119.12551106770833,72.30356865290402,0.6882511377334595,10
street_0280.jpg,blur,2,12.257796102640365,0.006461588541666666,7.477381509923397,119.12755859375,62.84725363222399,0.6635504961013794,10
street_0280.jpg,blur,3,5.624381505288018,0.003984375,7.451575193123367,119.12986002604167,61.18708730233343,0.6625761985778809,9
street_0280.jpg,blur,4,3.6144335933685308,0.00201171875,7.426504015050787,119.13189453125,60.73772857470887,0.6096677780151367,10
street_0280.jpg,blur,5,2.7452636629634437,0.0009342447916666667,7.405896492465963,119.1330859375,60.553278954181344,0.5458155274391174,11
street_0280.jpg,dark,1,574.3817803942256,0.022470703125,7.3172511501452115,76.98575520833333,92.1737314305161,0.7315372228622437,9
street_0280.jpg,dark,2,570.9086997290611,0.07892903645833334,6.912325907196041,50.769375,84.98492850674135,0.6977875232696533,9
street_0280.jpg,dark,3,612.3498404832521,0.23513346354166667,6.4116297963885085,33.73798502604166,72.31209481525963,0.663925290107727,10
street_0280.jpg,dark,4,664.8163798095279,0.418564453125,5.8798538631131265,22.620712890625,60.006927331601936,0.6100090742111206,10
street_0280.jpg,dark,5,710.6452381123861,0.5234928385416666,5.388914360389818,15.421722005208334,55.79326143508314,0.5141099095344543,7
street_0280.jpg,overexpose,1,790.608789541022,0.203642578125,6.982869436210029,169.693515625,83.0777846066394,0.7488563060760498,9
street_0280.jpg,overexpose,2,774.8348599770441,0.36598307291666665,6.066849075854567,203.1404296875,64.92916074279368,0.7330890893936157,9
street_0280.jpg,overexpose,3,645.3467273108164,0.482080078125,5.186775564344553,225.68476888020834,54.35386131893849,0.7091054320335388,10
street_0280.jpg,overexpose,4,503.08291565445796,0.5879915364583334,4.452674294224209,237.47395833333334,49.07921433890131,0.7344257235527039,9
street_0280.jpg,overexpose,5,392.8406732477718,0.6824283854166666,3.828769627641399,243.60791015625,45.17981017275875,0.689548671245575,9
street_0280.jpg,noise,1,1159.8226821940104,0.01546875,7.587090136500485,118.65587239583333,99.10940370501893,0.680363655090332,10
street_0280.jpg,noise,2,2835.0966199272048,0.013173828125,7.640469877928077,118.71410807291667,99.2190713038589,0.7299479246139526,9
street_0280.jpg,noise,3,5560.278701314248,0.012796223958333333,7.696009844017493,118.84454752604167,99.25634321732954,0.7210981845855713,9
street_0280.jpg,noise,4,9305.129919916408,0.013854166666666667,7.747353839535548,118.83719401041667,99.20888834635417,0.7087393999099731,9
street_0280.jpg,noise,5,13852.612574554434,0.016357421875,7.791306985260201,119.03382161458333,99.13065259528882,0.6032492518424988,9
street_0280.jpg,rain,1,117.36871438085768,0.012063802083333333,7.535965494815759,119.951826171875,90.76286847563875,0.6592209339141846,11
street_0280.jpg,rain,2,56.881720773050525,0.010061848958333333,7.543295340587538,120.72233072916667,74.61333672851896,0.6854448318481445,9
street_0280.jpg,rain,3,24.673648895422616,0.007760416666666666,7.531350564667879,121.572724609375,65.98991528842426,0.6641641855239868,10
street_0280.jpg,rain,4,15.155806985431248,0.006097005208333333,7.533585347621974,122.39762044270833,63.39336493569834,0.6206980347633362,10
street_0280.jpg,rain,5,9.860282366424135,0.004977213541666667,7.5042748898320575,123.13083658854167,61.913567899512344,0.5973355770111084,12
street_0350.jpg,clean,0,599.5258372787475,0.017581380208333334,7.532910617266908,118.685712890625,99.02172348484848,0.6489872336387634,9
street_0350.jpg,blur,1,47.70494657372368,0.010989583333333334,7.489172506449971,118.69535807291666,72.03296814527518,0.6463444232940674,9
street_0350.jpg,blur,2,12.184459421751233,0.007255859375,7.457728204726472,118.69711588541666,62.72446831324824,0.6588810682296753,8
street_0350.jpg,blur,3,5.665592445839777,0.0048177083333333336,7.4340726457112165,118.701337890625,61.09344457705822,0.6076949834823608,8
street_0350.jpg,blur,4,3.643382153733572,0.0028287760416666665,7.410509118515603,118.70310546875,60.64148549253444,0.6397609114646912,7
street_0350.jpg,blur,5,2.757887367407481,0.0014811197916666666,7.390364789919248,118.70525390625,60.46465530732665,0.6225124001502991,7
street_0350.jpg,dark,1,582.4078124993218,0.022838541666666667,7.29918713869646,76.529267578125,92.08501546223958,0.6340768337249756,9
street_0350.jpg,dark,2,581.0985479058161,0.079912109375,6.894513076439518,50.324300130208336,84.75978150876024,0.6271620392799377,9
street_0350.jpg,dark,3,617.8635504335933,0.23448567708333334,6.392630749976828,33.35658528645833,72.16101420144135,0.6805263757705688,7
street_0350.jpg,dark,4,668.7436040577783,0.417919921875,5.862360687736323,22.2973828125,59.84615610943156,0.6692585945129395,7
street_0350.jpg,dark,5,713.4771321360164,0.5240657552083333,5.367091367249026,15.181481119791666,55.61864758709145,0.564970850944519,7
street_0350.jpg,overexpose,1,795.204100077947,0.19396158854166667,7.018503308713552,169.37273763020832,83.6594267874053,0.6491606831550598,9
street_0350.jpg,overexpose,2,772.9715912473891,0.3663606770833333,6.060844811929748,203.076181640625,64.88533519115657,0.619114875793457,9
street_0350.jpg,overexpose,3,635.9892622877334,0.48126302083333333,5.190824954532592,225.62821614583333,54.38816703353704,0.615376353263855,9
street_0350.jpg,overexpose,4,496.4914258744558,0.5884733072916667,4.458336933651886,237.39365234375,49.11460583532429,0.6712923645973206,8
street_0350.jpg,overexpose,5,389.6038321304215,0.683798828125,3.830010599284498,243.518994140625,45.18756624552812,0.6203697323799133,9
street_0350.jpg,noise,1,1163.1268412658267,0.016064453125,7.575996252809979,118.22894205729166,99.0154209576231,0.653032660484314,9
street_0350.jpg,noise,2,2840.698378221978,0.013616536458333333,7.634186888730942,118.26849934895833,99.12881051728219,0.6846981644630432,8
street_0350.jpg,noise,3,5575.958555582004,0.013186848958333334,7.689811157380005,118.37520182291667,99.16458473899148,0.6247876286506653,8
street_0350.jpg,noise,4,9226.488594913473,0.014000651041666666,7.74015304063667,118.47575846354167,99.1449785452178,0.654263436794281,7
street_0350.jpg,noise,5,13845.62729095353,0.016627604166666667,7.784158189632392,118.58920572916666,99.04809777462121,0.6728331446647644,6
street_0350.jpg,rain,1,116.51177599715128,0.012805989583333333,7.5239716241887376,119.54591796875,90.43730456514943,0.641919732093811,10
street_0350.jpg,rain,2,56.463202949513324,0.010784505208333333,7.529770743315006,120.30820638020833,74.53599918379068,0.5977709293365479,11
street_0350.jpg,rain,3,24.284029696612887,0.008489583333333333,7.51559888013196,121.06093098958333,65.93553750598123,0.6735221147537231,8
street_0350.jpg,rain,4,15.043931731118095,0.006481119791666667,7.511915157559416,121.86608072916667,63.43128965777258,0.6682344675064087,8
street_0350.jpg,rain,5,9.995836417632633,0.004690755208333334,7.507812644401713,122.70947591145833,62.02928285175695,0.6032134294509888,8
street_0420.jpg,clean,0,565.7300863524437,0.014055989583333333,7.549258139625005,120.36881184895833,99.32637584339489,0.6178958415985107,6
street_0420.jpg,blur,1,44.17747870483398,0.008440755208333333,7.506037605337615,120.37794270833334,71.35125069853811,0.6438654065132141,6
street_0420.jpg,blur,2,11.215324759758843,0.005380859375,7.47883223346968,120.380576171875,62.694794462450844,0.6467163562774658,6
street_0420.jpg,blur,3,5.2475612932735025,0.003671875,7.457629177707962,120.38441080729167,61.17754888215987,0.6144203543663025,6
street_0420.jpg,blur,4,3.409830354648166,0.00220703125,7.43748882269993,120.38804036458333,60.750996783019815,0.6239501237869263,5
street_0420.jpg,blur,5,2.630084370888604,0.001259765625,7.419791057944291,120.39188802083333,60.583895264647005,0.6234878301620483,4
street_0420.jpg,dark,1,554.6653384480371,0.01759765625,7.327150821930481,78.00424479166666,92.54895966500946,0.6335413455963135,6
street_0420.jpg,dark,2,556.6373102186416,0.07277018229166667,6.932554427302736,51.552708333333335,85.50542783932107,0.6631816029548645,5
street_0420.jpg,dark,3,602.2712374239499,0.22519856770833332,6.441722920953876,34.33525716145834,73.02984910349961,0.6610970497131348,5
street_0420.jpg,dark,4,660.6759665616247,0.40923828125,5.913227633512588,23.044479166666665,60.28293075869611,0.6031593084335327,5
street_0420.jpg,dark,5,706.0841179347992,0.5171028645833333,5.415890274304432,15.706555989583334,56.00717539456368,0.49705350399017334,3
street_0420.jpg,overexpose,1,748.3135558509722,0.20320963541666667,6.9608017136269655,171.00322265625,82.75044010174051,0.6124622225761414,6
street_0420.jpg,overexpose,2,714.918767989593,0.372978515625,6.004337842481393,204.654970703125,63.99146520869052,0.6391186118125916,6
street_0420.jpg,overexpose,3,577.2205898424678,0.4894791666666667,5.116426293523242,227.03605143229166,53.69920160665569,0.5599277019500732,7
street_0420.jpg,overexpose,4,438.82867691989475,0.598125,4.378078600276024,238.56430989583333,48.61299125172515,0.6234659552574158,5
street_0420.jpg,overexpose,5,337.54723005574544,0.694326171875,3.7520439926778852,244.49611328125,44.70027495423678,0.5282896757125854,7
street_0420.jpg,noise,1,1137.7044572747125,0.012672526041666667,7.5845955489961,119.89706380208334,99.42920077237216,0.6213380694389343,6
street_0420.jpg,noise,2,2809.7740481512706,0.010859375,7.636667862298538,119.96288736979167,99.51899806167141,0.7124763131141663,5
street_0420.jpg,noise,3,5548.280440110779,0.01080078125,7.690944362676024,120.0240625,99.52363769531249,0.669915497303009,5
street_0420.jpg,noise,4,9267.507412471254,0.012314453125,7.741047430117487,120.050517578125,99.45320578835228,0.6317960619926453,5
street_0420.jpg,noise,5,13790.91566230773,0.014934895833333333,7.786367023837736,120.1526171875,99.3223183001894,0.5984562635421753,5
street_0420.jpg,rain,1,108.98376527197097,0.010462239583333333,7.538585804308862,121.25340494791666,88.40520909146498,0.5997551679611206,6
street_0420.jpg,rain,2,52.86839511447483,0.008668619791666667,7.534105191086159,122.02166666666666,73.39735779342908,0.5958907008171082,6
street_0420.jpg,rain,3,22.88926972096761,0.006328125,7.529348150551506,122.81461588541667,65.37916999022204,0.6415168642997742,6
street_0420.jpg,rain,4,14.14883066939248,0.004632161458333333,7.522197571561936,123.544169921875,63.00651923319216,0.618074893951416,6
street_0420.jpg,rain,5,9.354657556650373,0.00380859375,7.523822877109896,124.4796484375,61.61527802954805,0.5604748725891113,7
street_0490.jpg,clean,0,594.0022505152384,0.017506510416666666,7.544877745220324,118.44773763020834,98.98713933771307,0.7063362002372742,7
street_0490.jpg,blur,1,47.639216604232786,0.011129557291666667,7.502387038016472,118.456533203125,71.97132142708517,0.708905816078186,7
street_0490.jpg,blur,2,12.168905964999727,0.007763671875,7.4721557673697045,118.45747395833334,62.65997907587019,0.656548798084259,8
street_0490.jpg,blur,3,5.647945949035221,0.005576171875,7.448586461256179,118.45887044270833,61.01698169791507,0.6805961728096008,7
street_0490.jpg,blur,4,3.618649060980479,0.003623046875,7.425889413548719,118.46151692708334,60.56170611145559,0.6705363392829895,7
street_0490.jpg,blur,5,2.744814451842838,0.0023828125,7.407130633368731,118.46316080729167,60.38320532932191,0.7373073101043701,6
street_0490.jpg,dark,1,577.5109960930719,0.022366536458333332,7.310843450003386,76.24697591145834,92.06075565222538,0.7059208750724792,7
street_0490.jpg,dark,2,575.0265763244523,0.07879557291666667,6.905813027017288,50.056057942708335,84.83657977645748,0.6426113843917847,8
street_0490.jpg,dark,3,613.9095278891563,0.2316796875,6.40387807879202,33.134072265625,72.31867225203818,0.7302043437957764,6
street_0490.jpg,dark,4,667.1700471748246,0.41737955729166665,5.870972856899606,22.132978515625,59.87382693765378,0.665977418422699,7
street_0490.jpg,dark,5,709.624596163898,0.52509765625,5.367189390262686,15.058287760416667,55.59966128738989,0.7029505372047424,6
street_0490.jpg,overexpose,1,794.0406483329666,0.18330078125,7.102204490593483,169.10050455729166,84.16914691347066,0.721390426158905,7
street_0490.jpg,overexpose,2,771.8156843159039,0.364169921875,6.074950037036797,203.20336263020835,65.04910504918831,0.6612713932991028,8
street_0490.jpg,overexpose,3,630.967433164427,0.48061197916666665,5.190972650823259,225.80462565104168,54.36102498679782,0.6951095461845398,7
street_0490.jpg,overexpose,4,488.2264008127743,0.589921875,4.4507058448776196,237.52286783854166,49.06691153048512,0.678067147731781,7
street_0490.jpg,overexpose,5,380.65771127318277,0.685859375,3.822318959117691,243.610361328125,45.13949349448557,0.720956027507782,6
street_0490.jpg,noise,1,1160.1229100136652,0.016061197916666665,7.585118554447251,117.98840169270834,98.97729558771306,0.6440386176109314,8
street_0490.jpg,noise,2,2817.8011899330986,0.013623046875,7.638202104774796,118.04119466145833,99.09236357717803,0.7673758864402771,6
street_0490.jpg,noise,3,5594.68905090633,0.013069661458333333,7.690455938299018,118.10899739583333,99.12736098780776,0.7358310222625732,6
street_0490.jpg,noise,4,9270.370688371404,0.014306640625,7.737898055732599,118.21579427083333,99.09023356119792,0.7293431162834167,6
street_0490.jpg,noise,5,13865.035239420053,0.016663411458333333,7.779680986561416,118.33480794270834,99.00605883049242,0.7466387152671814,6
street_0490.jpg,rain,1,116.04285080989202,0.012939453125,7.5277268690015475,119.278671875,90.26390239459336,0.7010337114334106,7
street_0490.jpg,rain,2,56.38481937645806,0.010550130208333333,7.520211537295733,120.06843098958333,74.56349688876476,0.705819308757782,7
street_0490.jpg,rain,3,24.42814581806395,0.008645833333333333,7.5237364266652556,120.87859375,65.99614073140796,0.692256510257721,7
street_0490.jpg,rain,4,15.13765223938624,0.00654296875,7.5304093847186975,121.62690104166667,63.49162721530413,0.6974051594734192,7
street_0490.jpg,rain,5,9.86248960866928,0.00517578125,7.501950259068518,122.402734375,62.02130360326825,0.6867507696151733,7
street_0560.jpg,clean,0,582.6669776685926,0.025494791666666666,7.5973566407951605,118.88603515625,98.70738118489584,0.6414388418197632,10
street_0560.jpg,blur,1,46.86338722906113,0.018304036458333332,7.565364828744584,118.89181966145833,71.51980024853562,0.6220799684524536,11
street_0560.jpg,blur,2,11.940302646626368,0.014205729166666667,7.546002831722818,118.891279296875,62.3861926701373,0.6474024057388306,11
street_0560.jpg,blur,3,5.5381314642588295,0.011311848958333334,7.530065535949554,118.89194661458333,60.805660444801404,0.6297128796577454,11
street_0560.jpg,blur,4,3.566923804717594,0.008668619791666667,7.513976142770508,118.89330729166667,60.39586281631958,0.5765045881271362,11
street_0560.jpg,blur,5,2.718766275522444,0.007093098958333334,7.499500857099553,118.89677083333333,60.239167529651624,0.5829615592956543,10
street_0560.jpg,dark,1,569.0137818791708,0.031064453125,7.367110123188715,77.182119140625,91.82899458451705,0.6352161765098572,11
street_0560.jpg,dark,2,569.7855730705155,0.09489583333333333,6.9623607113319155,51.14604166666667,84.65902291173357,0.617441713809967,11
street_0560.jpg,dark,3,610.8213761633873,0.24064127604166666,6.450504184471384,34.15075846354166,72.37976144532306,0.5985012054443359,10
street_0560.jpg,dark,4,664.1799061647945,0.413974609375,5.913221749991257,23.00729817708333,60.27697882925407,0.6087467074394226,8
street_0560.jpg,dark,5,711.0838841556867,0.5199479166666666,5.416129728715889,15.717008463541667,56.01033487821958,0.49854350090026855,5
street_0560.jpg,overexpose,1,768.750663838662,0.19552083333333334,7.037537240951816,168.8718359375,83.67089873342803,0.6523323655128479,10
street_0560.jpg,overexpose,2,746.4981153231197,0.37085286458333333,6.058873548884951,202.11204427083334,64.82986708465026,0.5586680173873901,13
street_0560.jpg,overexpose,3,614.7087027231746,0.489267578125,5.174861964037355,224.01111328125,54.54566470776187,0.5737569332122803,13
street_0560.jpg,overexpose,4,493.0833135645548,0.5978873697916667,4.458471359013221,235.61057942708334,49.11544599383264,0.6170221567153931,11
street_0560.jpg,overexpose,5,395.3098656015926,0.6916276041666667,3.847598730141699,241.93880533854167,45.297492063385626,0.6317527890205383,10
street_0560.jpg,noise,1,1138.8005499949031,0.023658854166666667,7.648712481739986,118.440185546875,98.71677283084755,0.6931684613227844,9
street_0560.jpg,noise,2,2819.7932171490884,0.019651692708333335,7.699823444768295,118.54447265625,98.90867727568656,0.6726177930831909,10
street_0560.jpg,noise,3,5554.1528788628475,0.01791015625,7.746505779593404,118.62356770833334,98.99745279947916,0.718958854675293,8
street_0560.jpg,noise,4,9205.151197875934,0.018795572916666666,7.785124182027955,118.76790690104167,98.98167887369792,0.5652722120285034,9
street_0560.jpg,noise,5,13649.333219679726,0.02125,7.81815937463322,118.85410481770833,98.88801099372633,0.6466054320335388,8
street_0560.jpg,rain,1,114.23555075747174,0.019886067708333333,7.58708280372089,119.73795572916667,89.55110921181728,0.6437016725540161,10
street_0560.jpg,rain,2,55.41784972873264,0.017376302083333333,7.597728807871912,120.5720703125,73.92686885876999,0.609001100063324,11
street_0560.jpg,rain,3,24.09234354231093,0.013984375,7.593732483753148,121.29341796875,65.6070374978833,0.6856940984725952,9
street_0560.jpg,rain,4,14.945888076686861,0.012353515625,7.596827907883091,122.14663411458334,63.1035938724148,0.6625200510025024,9
street_0560.jpg,rain,5,9.75346966955397,0.010563151041666666,7.5859957608214845,122.89482421875,61.67824717052215,0.566458523273468,12
street_0630.jpg,clean,0,574.2712102962494,0.023167317708333333,7.581077302727015,118.5698828125,98.75891120679451,0.6527940034866333,8
street_0630.jpg,blur,1,46.67981317722532,0.016468098958333333,7.542949689167251,118.57501627604167,71.50076889508206,0.6271580457687378,9
street_0630.jpg,blur,2,11.996985534498426,0.01259765625,7.51834065289418,118.57475260416666,62.42130477771284,0.5861783027648926,10
street_0630.jpg,blur,3,5.574169874307843,0.010152994791666667,7.498407099902405,118.577333984375,60.81591854792149,0.6174768805503845,9
street_0630.jpg,blur,4,3.5883072794172493,0.007985026041666666,7.47896262094116,118.57946614583334,60.38154302960124,0.5975383520126343,9
street_0630.jpg,blur,5,2.73190754937066,0.006552734375,7.4618081109266745,118.58177083333334,60.21619918350167,0.6252394914627075,8
street_0630.jpg,dark,1,555.948257158057,0.029752604166666665,7.346815823332102,76.75002604166667,91.81764589251894,0.5825577974319458,10
street_0630.jpg,dark,2,555.806865840488,0.08830729166666666,6.94110816053607,50.716669921875,84.74613402595934,0.601300060749054,10
street_0630.jpg,dark,3,599.6334519570245,0.242841796875,6.433728339533509,33.771891276041664,72.1183653027189,0.5921933054924011,9
street_0630.jpg,dark,4,652.1974436842177,0.41875651041666667,5.898016219886224,22.694837239583332,60.132234571495346,0.5976331830024719,9
street_0630.jpg,dark,5,702.4350517245822,0.5219075520833333,5.40046454472564,15.474554036458333,55.873855183062716,0.5540107488632202,7
street_0630.jpg,overexpose,1,770.5179472601573,0.19643880208333334,7.064065971068188,168.8105078125,83.64049434777462,0.5932653546333313,10
street_0630.jpg,overexpose,2,756.7591278961075,0.36987630208333333,6.053542950550977,202.112080078125,64.83926975782335,0.5663278698921204,10
street_0630.jpg,overexpose,3,628.3246699467871,0.48808919270833334,5.184538259924198,224.28928385416665,54.56188714772699,0.5834640264511108,10
street_0630.jpg,overexpose,4,497.35676969399975,0.5933528645833334,4.466050056263183,236.15594401041668,49.162812851644894,0.568071722984314,10
street_0630.jpg,overexpose,5,395.6124751735687,0.68013671875,3.8380686286103174,242.39178059895832,45.23792892881448,0.6009874939918518,9
street_0630.jpg,noise,1,1133.7683847160233,0.021546223958333333,7.6290618517073945,118.13857747395834,98.76121729995265,0.6675454378128052,8
street_0630.jpg,noise,2,2821.6409087022143,0.01806640625,7.681575233661555,118.22869466145833,98.92779614997632,0.6102969646453857,9
street_0630.jpg,noise,3,5546.956132539865,0.016419270833333333,7.728930148373431,118.28429361979167,99.00870361328124,0.6278610229492188,9
street_0630.jpg,noise,4,9200.335238423624,0.017513020833333334,7.77148767891298,118.415224609375,98.98168198094224,0.6873750686645508,7
street_0630.jpg,noise,5,13692.34221785414,0.019593098958333333,7.807827937223192,118.623623046875,98.92383285984849,0.6211462020874023,8
street_0630.jpg,rain,1,112.89882463374667,0.018701171875,7.572213357213021,119.40725260416667,89.19387624407014,0.6715813875198364,8
street_0630.jpg,rain,2,54.954551584868966,0.01625,7.575358923936429,120.18230143229167,73.91460708870653,0.6480147838592529,8
street_0630.jpg,rain,3,24.099150073485905,0.012513020833333333,7.569951361853747,121.01346354166667,65.71776252196366,0.660664975643158,8
street_0630.jpg,rain,4,14.976451551649307,0.010188802083333334,7.582126671199594,121.81191731770834,63.25970074935553,0.6779595613479614,8
street_0630.jpg,rain,5,9.795334961944157,0.00908203125,7.573469415166995,122.65221028645833,61.7928079104247,0.6515719890594482,8
street_0700.jpg,clean,0,583.5064399589432,0.019820963541666667,7.561256664199018,118.94628580729167,98.96519649621212,0.6898322701454163,11
street_0700.jpg,blur,1,47.60460446649127,0.013043619791666667,7.525105808772708,118.95461263020833,71.9575911981666,0.7055792212486267,11
street_0700.jpg,blur,2,12.29770489068561,0.009039713541666666,7.500253187625224,118.95561197916666,62.71774786372355,0.6724959015846252,12
street_0700.jpg,blur,3,5.6990006433169045,0.0064876302083333335,7.479142795284162,118.95847005208333,61.07020173701046,0.6523651480674744,12
street_0700.jpg,blur,4,3.6417252466837557,0.0045377604166666665,7.460004991006061,118.960205078125,60.607177794830626,0.6644613146781921,11
street_0700.jpg,blur,5,2.75949543888304,0.0032942708333333335,7.443766092317053,118.96099283854167,60.42644450754211,0.6450042128562927,11
street_0700.jpg,dark,1,561.0582290988498,0.024833984375,7.329678238120488,76.926982421875,92.06098765980113,0.6805725693702698,11
street_0700.jpg,dark,2,558.1502833912742,0.08658854166666667,6.9246283201517,50.764088541666666,84.72587420738753,0.6833787560462952,11
street_0700.jpg,dark,3,598.9847026092106,0.23575846354166666,6.4187857832442825,33.7657421875,72.3338918951584,0.6834219694137573,10
street_0700.jpg,dark,4,653.5847318923844,0.4172493489583333,5.882587911948017,22.637887369791667,60.02674744032378,0.6627664566040039,9
street_0700.jpg,dark,5,704.6427961026403,0.5220865885416667,5.390102879880716,15.441513671875,55.80383835614368,0.6295128464698792,7
street_0700.jpg,overexpose,1,787.615190248606,0.19857421875,7.00314265262419,169.38822591145833,83.4551601710464,0.6621869802474976,12
street_0700.jpg,overexpose,2,776.3184670842383,0.36652018229166666,6.059497843977109,202.82654947916666,64.90965249609273,0.644231379032135,12
street_0700.jpg,overexpose,3,643.4290627530311,0.48449544270833333,5.185721747863467,225.13150716145833,54.435293875732846,0.6851718425750732,11
street_0700.jpg,overexpose,4,505.3064506997003,0.5938216145833334,4.458732370767286,236.85203450520834,49.11707731729554,0.6026381254196167,13
street_0700.jpg,overexpose,5,401.7185832356771,0.688427734375,3.832222318654841,243.07328776041666,45.20138949159276,0.5485205054283142,13
street_0700.jpg,noise,1,1145.5890850448504,0.018151041666666666,7.6037412738842,118.50622395833334,98.96824573863637,0.6881746649742126,11
street_0700.jpg,noise,2,2826.23675463739,0.015319010416666667,7.6580955369563615,118.58686848958334,99.10497691761364,0.7309206128120422,10
street_0700.jpg,noise,3,5562.283381873226,0.014169921875,7.709880052292776,118.59867838541666,99.15712838837595,0.6833968758583069,11
street_0700.jpg,noise,4,9284.419381495116,0.015452473958333334,7.758021011944504,118.74089192708334,99.12364161635891,0.6617470383644104,11
street_0700.jpg,noise,5,13754.178554534912,0.017835286458333332,7.799397564799237,118.94716471354167,99.05220969460227,0.6819389462471008,10
street_0700.jpg,rain,1,115.93420421344968,0.015126953125,7.554446292936715,119.82723958333334,90.22649897929207,0.6801507472991943,12
street_0700.jpg,rain,2,56.55911558658812,0.012545572916666666,7.544882915702017,120.58805013020833,74.44000857818011,0.705739438533783,11
street_0700.jpg,rain,3,24.501135194895003,0.009567057291666667,7.562838442830016,121.36741536458334,65.89753394200515,0.6900463104248047,11
street_0700.jpg,rain,4,15.331151452594334,0.007854817708333333,7.541930892495631,122.22996419270834,63.38989174862743,0.6973811388015747,11
street_0700.jpg,rain,5,9.974264194700453,0.0064127604166666664,7.549779231952396,123.01040364583334,61.900317664278084,0.6464080810546875,12
street_0770.jpg,clean,0,595.4253662841692,0.016539713541666667,7.546070323801577,119.036875,99.1231631007339,0.63821941614151,9
street_0770.jpg,blur,1,48.22887906833225,0.009768880208333334,7.5040963425194676,119.04266927083333,72.28134329310356,0.616491436958313,9
street_0770.jpg,blur,2,12.2980368347062,0.0060026041666666665,7.473506974726051,119.04476236979167,62.86489293397564,0.6186848878860474,10
street_0770.jpg,blur,3,5.671923786067962,0.0036588541666666666,7.448155275512912,119.04721354166666,61.2008584760007,0.6261749863624573,10
street_0770.jpg,blur,4,3.630198520141178,0.00177734375,7.42429463036661,119.04932291666667,60.73905006820242,0.6003453731536865,10
street_0770.jpg,blur,5,2.7627115670839943,0.0008235677083333334,7.4025555639970175,119.051318359375,60.54976537267126,0.6356152296066284,8
street_0770.jpg,dark,1,574.312945855448,0.022467447916666668,7.311206607073112,76.87475911458333,92.15621537642045,0.647108256816864,9
street_0770.jpg,dark,2,569.4413635210567,0.08110677083333333,6.906957866461305,50.653727213541664,84.837703861761,0.7013229131698608,8
street_0770.jpg,dark,3,609.7947070291732,0.23468098958333333,6.405766908860588,33.62473958333333,72.27723118345634,0.6551377773284912,8
street_0770.jpg,dark,4,659.3026693786516,0.416328125,5.874440378238926,22.509762369791666,59.955441831914705,0.5811233520507812,8
street_0770.jpg,dark,5,706.9505826776185,0.5220442708333334,5.381578623386073,15.321438802083334,55.73145893285803,0.6261807680130005,7
street_0770.jpg,overexpose,1,802.7770914544,0.201396484375,7.00520980287067,169.78219075520835,83.26900982481061,0.6592432260513306,9
street_0770.jpg,overexpose,2,783.667932983356,0.36769205729166665,6.043675209499237,203.17408203125,64.70420222970641,0.5936793088912964,11
street_0770.jpg,overexpose,3,648.4301141757542,0.48338216145833335,5.189271104415116,225.62686848958333,54.37866987016077,0.6169161200523376,10
street_0770.jpg,overexpose,4,508.9155529647827,0.5869856770833334,4.45306362878791,237.41602213541665,49.08164767992444,0.6506479978561401,8
street_0770.jpg,overexpose,5,403.45983677282334,0.6854915364583334,3.8197490153899496,243.53481770833332,45.12343134618719,0.6242838501930237,8
street_0770.jpg,noise,1,1159.8274056019677,0.015299479166666666,7.581788285386942,118.569111328125,99.10300640684187,0.6835260391235352,8
street_0770.jpg,noise,2,2839.526721559895,0.012679036458333333,7.637331370078067,118.58908203125,99.22082793264677,0.698948323726654,8
street_0770.jpg,noise,3,5611.324920964463,0.01234375,7.692474146949161,118.710791015625,99.25485950816761,0.7462247014045715,7
street_0770.jpg,noise,4,9324.978470483398,0.013720703125,7.746087791990891,118.769033203125,99.20388361150569,0.7206886410713196,7
street_0770.jpg,noise,5,13874.901554183696,0.015927734375,7.789395874788783,118.956015625,99.1370731977983,0.6854454874992371,7
street_0770.jpg,rain,1,117.40165354231729,0.011982421875,7.531382974649921,119.86782552083334,90.76184889620413,0.5741356015205383,10
street_0770.jpg,rain,2,56.79600342813068,0.009423828125,7.534409805062063,120.648291015625,74.63017122666817,0.5708997249603271,10
street_0770.jpg,rain,3,24.817570622380572,0.007093098958333334,7.513640429672895,121.44769856770833,66.07738007198141,0.5612061023712158,10
street_0770.jpg,rain,4,15.292195678615572,0.005576171875,7.521372801586185,122.19725260416666,63.48439841380033,0.6546099185943604,9
street_0770.jpg,rain,5,10.046913763427735,0.0047428385416666665,7.507088041973203,123.02340494791666,61.9906815756688,0.6425420045852661,9
