corruption,level,blur,saturation,entropy,health,det_conf,n_det
clean,0,879.8793695394851,0.02049053485576923,7.586233057913106,98.89902378464635,0.6650529045325059,8.615384615384615
blur,1,52.416964030853514,0.013263721955128205,7.544121337879788,73.19367975481849,0.6659258741598862,8.846153846153847
blur,2,13.006937774879098,0.009368239182692308,7.516129888965008,62.854873951278584,0.6398504238862258,9.307692307692308
blur,3,5.922932954315447,0.006872996794871794,7.493247587612297,61.07517578055129,0.6403049368124741,8.76923076923077
blur,4,3.7482052597363795,0.004758864182692308,7.4710573907211275,60.58793653726639,0.6401349443655747,8.307692307692308
blur,5,2.8257060697457734,0.003374649439102564,7.451819638095188,60.40266740526662,0.6448568151547358,7.6923076923076925
dark,1,827.0492920799019,0.030038060897435895,7.3487392183458,91.92153624776915,0.6630414678500249,8.692307692307692
dark,2,767.0762804240651,0.09202824519230769,6.94202037390272,84.6587336819785,0.6619088466350849,8.538461538461538
dark,3,748.0544496343156,0.2410243890224359,6.4424957169634265,72.34233712120026,0.6526534098845261,7.923076923076923
dark,4,750.4513528932009,0.4144113080929487,5.914227402859102,60.31665321284499,0.6176594358224136,7.538461538461538
dark,5,760.5725909349499,0.5174892327724359,5.420385538100504,56.048729344015754,0.5756351168339069,6.0
overexpose,1,1155.86093836002,0.20428135016025642,7.015610798213573,83.08658291341271,0.6586091335003192,8.846153846153847
overexpose,2,1114.5916226477598,0.3765179286858974,6.00774424170048,64.34400282500371,0.6410352771098797,9.461538461538462
overexpose,3,925.6407098652131,0.49368264222756414,5.120524770378689,54.14139736544775,0.6226806136278006,9.615384615384615
overexpose,4,723.0435142534051,0.5955125701121796,4.391732061241233,48.81480680985924,0.650772594488584,8.461538461538462
overexpose,5,561.1497073034034,0.6860759715544872,3.770027348397015,44.82335674069157,0.6206870629237249,8.461538461538462
noise,1,1442.6305058105968,0.018916766826923073,7.624620195015253,98.9281844360067,0.6822513250204233,8.23076923076923
noise,2,3110.188181543655,0.016370943509615384,7.674903064119776,99.04767749990893,0.7095140723081735,7.615384615384615
noise,3,5833.493679509091,0.015751953125,7.7242350783651785,99.08625748356461,0.6781351887262784,7.6923076923076925
noise,4,9496.682357406751,0.01708032852564103,7.76905399761974,99.03897868976728,0.6679613911188566,7.384615384615385
noise,5,13964.680668225123,0.019533503605769227,7.807769971683462,98.94975161963687,0.6461783785086411,7.153846153846154
rain,1,130.901387142721,0.015372345753205131,7.57310063634832,90.53041818179157,0.6672318394367511,8.923076923076923
rain,2,60.96805847384462,0.01292342748397436,7.57503143175688,75.49109678497781,0.6464953789344201,9.076923076923077
rain,3,25.98544413306163,0.010024539262820514,7.563794453536748,66.1803074333342,0.6641319394111633,8.307692307692308
rain,4,15.971135466781844,0.008123747996794873,7.563735290782688,63.48622094086319,0.6716618079405564,8.153846153846153
rain,5,10.358080565803885,0.006845703125,7.553743918069851,61.931848105217064,0.6545694287006671,8.461538461538462
