source,scene_mode,degradation,severity,image_path
kitti_um_000032.png,day,blur,0,E:/Track4/Day4/Minilab/track4_day4_minilab/data/generated/blur/kitti_um_000032_level_0.png
kitti_um_000032.png,day,blur,1,E:/Track4/Day4/Minilab/track4_day4_minilab/data/generated/blur/kitti_um_000032_level_1.png
kitti_um_000032.png,day,blur,2,E:/Track4/Day4/Minilab/track4_day4_minilab/data/generated/blur/kitti_um_000032_level_2.png
kitti_um_000032.png,day,blur,3,E:/Track4/Day4/Minilab/track4_day4_minilab/data/generated/blur/kitti_um_000032_level_3.png
kitti_um_000032.png,day,blur,4,E:/Track4/Day4/Minilab/track4_day4_minilab/data/generated/blur/kitti_um_000032_level_4.png
kitti_um_000032.png,day,underexposure,0,E:/Track4/Day4/Minilab/track4_day4_minilab/data/generated/underexposure/kitti_um_000032_level_0.png
kitti_um_000032.png,day,underexposure,1,E:/Track4/Day4/Minilab/track4_day4_minilab/data/generated/underexposure/kitti_um_000032_level_1.png
kitti_um_000032.png,day,underexposure,2,E:/Track4/Day4/Minilab/track4_day4_minilab/data/generated/underexposure/kitti_um_000032_level_2.png
kitti_um_000032.png,day,underexposure,3,E:/Track4/Day4/Minilab/track4_day4_minilab/data/generated/underexposure/kitti_um_000032_level_3.png
kitti_um_000032.png,day,underexposure,4,E:/Track4/Day4/Minilab/track4_day4_minilab/data/generated/underexposure/kitti_um_000032_level_4.png
kitti_um_000032.png,day,overexposure,0,E:/Track4/Day4/Minilab/track4_day4_minilab/data/generated/overexposure/kitti_um_000032_level_0.png
kitti_um_000032.png,day,overexposure,1,E:/Track4/Day4/Minilab/track4_day4_minilab/data/generated/overexposure/kitti_um_000032_level_1.png
kitti_um_000032.png,day,overexposure,2,E:/Track4/Day4/Minilab/track4_day4_minilab/data/generated/overexposure/kitti_um_000032_level_2.png
kitti_um_000032.png,day,overexposure,3,E:/Track4/Day4/Minilab/track4_day4_minilab/data/generated/overexposure/kitti_um_000032_level_3.png
kitti_um_000032.png,day,overexposure,4,E:/Track4/Day4/Minilab/track4_day4_minilab/data/generated/overexposure/kitti_um_000032_level_4.png
kitti_um_000032.png,day,noise,0,E:/Track4/Day4/Minilab/track4_day4_minilab/data/generated/noise/kitti_um_000032_level_0.png
kitti_um_000032.png,day,noise,1,E:/Track4/Day4/Minilab/track4_day4_minilab/data/generated/noise/kitti_um_000032_level_1.png
kitti_um_000032.png,day,noise,2,E:/Track4/Day4/Minilab/track4_day4_minilab/data/generated/noise/kitti_um_000032_level_2.png
kitti_um_000032.png,day,noise,3,E:/Track4/Day4/Minilab/track4_day4_minilab/data/generated/noise/kitti_um_000032_level_3.png
kitti_um_000032.png,day,noise,4,E:/Track4/Day4/Minilab/track4_day4_minilab/data/generated/noise/kitti_um_000032_level_4.png
kitti_um_000032.png,day,fog,0,E:/Track4/Day4/Minilab/track4_day4_minilab/data/generated/fog/kitti_um_000032_level_0.png
kitti_um_000032.png,day,fog,1,E:/Track4/Day4/Minilab/track4_day4_minilab/data/generated/fog/kitti_um_000032_level_1.png
kitti_um_000032.png,day,fog,2,E:/Track4/Day4/Minilab/track4_day4_minilab/data/generated/fog/kitti_um_000032_level_2.png
kitti_um_000032.png,day,fog,3,E:/Track4/Day4/Minilab/track4_day4_minilab/data/generated/fog/kitti_um_000032_level_3.png
kitti_um_000032.png,day,fog,4,E:/Track4/Day4/Minilab/track4_day4_minilab/data/generated/fog/kitti_um_000032_level_4.png
kitti_umm_000005.png,day,blur,0,E:/Track4/Day4/Minilab/track4_day4_minilab/data/generated/blur/kitti_umm_000005_level_0.png
kitti_umm_000005.png,day,blur,1,E:/Track4/Day4/Minilab/track4_day4_minilab/data/generated/blur/kitti_umm_000005_level_1.png
kitti_umm_000005.png,day,blur,2,E:/Track4/Day4/Minilab/track4_day4_minilab/data/generated/blur/kitti_umm_000005_level_2.png
kitti_umm_000005.png,day,blur,3,E:/Track4/Day4/Minilab/track4_day4_minilab/data/generated/blur/kitti_umm_000005_level_3.png
kitti_umm_000005.png,day,blur,4,E:/Track4/Day4/Minilab/track4_day4_minilab/data/generated/blur/kitti_umm_000005_level_4.png
kitti_umm_000005.png,day,underexposure,0,E:/Track4/Day4/Minilab/track4_day4_minilab/data/generated/underexposure/kitti_umm_000005_level_0.png
kitti_umm_000005.png,day,underexposure,1,E:/Track4/Day4/Minilab/track4_day4_minilab/data/generated/underexposure/kitti_umm_000005_level_1.png
kitti_umm_000005.png,day,underexposure,2,E:/Track4/Day4/Minilab/track4_day4_minilab/data/generated/underexposure/kitti_umm_000005_level_2.png
kitti_umm_000005.png,day,underexposure,3,E:/Track4/Day4/Minilab/track4_day4_minilab/data/generated/underexposure/kitti_umm_000005_level_3.png
kitti_umm_000005.png,day,underexposure,4,E:/Track4/Day4/Minilab/track4_day4_minilab/data/generated/underexposure/kitti_umm_000005_level_4.png
kitti_umm_000005.png,day,overexposure,0,E:/Track4/Day4/Minilab/track4_day4_minilab/data/generated/overexposure/kitti_umm_000005_level_0.png
kitti_umm_000005.png,day,overexposure,1,E:/Track4/Day4/Minilab/track4_day4_minilab/data/generated/overexposure/kitti_umm_000005_level_1.png
kitti_umm_000005.png,day,overexposure,2,E:/Track4/Day4/Minilab/track4_day4_minilab/data/generated/overexposure/kitti_umm_000005_level_2.png
kitti_umm_000005.png,day,overexposure,3,E:/Track4/Day4/Minilab/track4_day4_minilab/data/generated/overexposure/kitti_umm_000005_level_3.png
kitti_umm_000005.png,day,overexposure,4,E:/Track4/Day4/Minilab/track4_day4_minilab/data/generated/overexposure/kitti_umm_000005_level_4.png
kitti_umm_000005.png,day,noise,0,E:/Track4/Day4/Minilab/track4_day4_minilab/data/generated/noise/kitti_umm_000005_level_0.png
kitti_umm_000005.png,day,noise,1,E:/Track4/Day4/Minilab/track4_day4_minilab/data/generated/noise/kitti_umm_000005_level_1.png
kitti_umm_000005.png,day,noise,2,E:/Track4/Day4/Minilab/track4_day4_minilab/data/generated/noise/kitti_umm_000005_level_2.png
kitti_umm_000005.png,day,noise,3,E:/Track4/Day4/Minilab/track4_day4_minilab/data/generated/noise/kitti_umm_000005_level_3.png
kitti_umm_000005.png,day,noise,4,E:/Track4/Day4/Minilab/track4_day4_minilab/data/generated/noise/kitti_umm_000005_level_4.png
kitti_umm_000005.png,day,fog,0,E:/Track4/Day4/Minilab/track4_day4_minilab/data/generated/fog/kitti_umm_000005_level_0.png
kitti_umm_000005.png,day,fog,1,E:/Track4/Day4/Minilab/track4_day4_minilab/data/generated/fog/kitti_umm_000005_level_1.png
kitti_umm_000005.png,day,fog,2,E:/Track4/Day4/Minilab/track4_day4_minilab/data/generated/fog/kitti_umm_000005_level_2.png
kitti_umm_000005.png,day,fog,3,E:/Track4/Day4/Minilab/track4_day4_minilab/data/generated/fog/kitti_umm_000005_level_3.png
kitti_umm_000005.png,day,fog,4,E:/Track4/Day4/Minilab/track4_day4_minilab/data/generated/fog/kitti_umm_000005_level_4.png
kitti_uu_000010.png,day,blur,0,E:/Track4/Day4/Minilab/track4_day4_minilab/data/generated/blur/kitti_uu_000010_level_0.png
kitti_uu_000010.png,day,blur,1,E:/Track4/Day4/Minilab/track4_day4_minilab/data/generated/blur/kitti_uu_000010_level_1.png
kitti_uu_000010.png,day,blur,2,E:/Track4/Day4/Minilab/track4_day4_minilab/data/generated/blur/kitti_uu_000010_level_2.png
kitti_uu_000010.png,day,blur,3,E:/Track4/Day4/Minilab/track4_day4_minilab/data/generated/blur/kitti_uu_000010_level_3.png
kitti_uu_000010.png,day,blur,4,E:/Track4/Day4/Minilab/track4_day4_minilab/data/generated/blur/kitti_uu_000010_level_4.png
kitti_uu_000010.png,day,underexposure,0,E:/Track4/Day4/Minilab/track4_day4_minilab/data/generated/underexposure/kitti_uu_000010_level_0.png
kitti_uu_000010.png,day,underexposure,1,E:/Track4/Day4/Minilab/track4_day4_minilab/data/generated/underexposure/kitti_uu_000010_level_1.png
kitti_uu_000010.png,day,underexposure,2,E:/Track4/Day4/Minilab/track4_day4_minilab/data/generated/underexposure/kitti_uu_000010_level_2.png
kitti_uu_000010.png,day,underexposure,3,E:/Track4/Day4/Minilab/track4_day4_minilab/data/generated/underexposure/kitti_uu_000010_level_3.png
kitti_uu_000010.png,day,underexposure,4,E:/Track4/Day4/Minilab/track4_day4_minilab/data/generated/underexposure/kitti_uu_000010_level_4.png
kitti_uu_000010.png,day,overexposure,0,E:/Track4/Day4/Minilab/track4_day4_minilab/data/generated/overexposure/kitti_uu_000010_level_0.png
kitti_uu_000010.png,day,overexposure,1,E:/Track4/Day4/Minilab/track4_day4_minilab/data/generated/overexposure/kitti_uu_000010_level_1.png
kitti_uu_000010.png,day,overexposure,2,E:/Track4/Day4/Minilab/track4_day4_minilab/data/generated/overexposure/kitti_uu_000010_level_2.png
kitti_uu_000010.png,day,overexposure,3,E:/Track4/Day4/Minilab/track4_day4_minilab/data/generated/overexposure/kitti_uu_000010_level_3.png
kitti_uu_000010.png,day,overexposure,4,E:/Track4/Day4/Minilab/track4_day4_minilab/data/generated/overexposure/kitti_uu_000010_level_4.png
kitti_uu_000010.png,day,noise,0,E:/Track4/Day4/Minilab/track4_day4_minilab/data/generated/noise/kitti_uu_000010_level_0.png
kitti_uu_000010.png,day,noise,1,E:/Track4/Day4/Minilab/track4_day4_minilab/data/generated/noise/kitti_uu_000010_level_1.png
kitti_uu_000010.png,day,noise,2,E:/Track4/Day4/Minilab/track4_day4_minilab/data/generated/noise/kitti_uu_000010_level_2.png
kitti_uu_000010.png,day,noise,3,E:/Track4/Day4/Minilab/track4_day4_minilab/data/generated/noise/kitti_uu_000010_level_3.png
kitti_uu_000010.png,day,noise,4,E:/Track4/Day4/Minilab/track4_day4_minilab/data/generated/noise/kitti_uu_000010_level_4.png
kitti_uu_000010.png,day,fog,0,E:/Track4/Day4/Minilab/track4_day4_minilab/data/generated/fog/kitti_uu_000010_level_0.png
kitti_uu_000010.png,day,fog,1,E:/Track4/Day4/Minilab/track4_day4_minilab/data/generated/fog/kitti_uu_000010_level_1.png
kitti_uu_000010.png,day,fog,2,E:/Track4/Day4/Minilab/track4_day4_minilab/data/generated/fog/kitti_uu_000010_level_2.png
kitti_uu_000010.png,day,fog,3,E:/Track4/Day4/Minilab/track4_day4_minilab/data/generated/fog/kitti_uu_000010_level_3.png
kitti_uu_000010.png,day,fog,4,E:/Track4/Day4/Minilab/track4_day4_minilab/data/generated/fog/kitti_uu_000010_level_4.png
night_wikimedia_cc0.jpg,night,blur,0,E:/Track4/Day4/Minilab/track4_day4_minilab/data/generated/blur/night_wikimedia_cc0_level_0.png
night_wikimedia_cc0.jpg,night,blur,1,E:/Track4/Day4/Minilab/track4_day4_minilab/data/generated/blur/night_wikimedia_cc0_level_1.png
night_wikimedia_cc0.jpg,night,blur,2,E:/Track4/Day4/Minilab/track4_day4_minilab/data/generated/blur/night_wikimedia_cc0_level_2.png
night_wikimedia_cc0.jpg,night,blur,3,E:/Track4/Day4/Minilab/track4_day4_minilab/data/generated/blur/night_wikimedia_cc0_level_3.png
night_wikimedia_cc0.jpg,night,blur,4,E:/Track4/Day4/Minilab/track4_day4_minilab/data/generated/blur/night_wikimedia_cc0_level_4.png
night_wikimedia_cc0.jpg,night,underexposure,0,E:/Track4/Day4/Minilab/track4_day4_minilab/data/generated/underexposure/night_wikimedia_cc0_level_0.png
night_wikimedia_cc0.jpg,night,underexposure,1,E:/Track4/Day4/Minilab/track4_day4_minilab/data/generated/underexposure/night_wikimedia_cc0_level_1.png
night_wikimedia_cc0.jpg,night,underexposure,2,E:/Track4/Day4/Minilab/track4_day4_minilab/data/generated/underexposure/night_wikimedia_cc0_level_2.png
night_wikimedia_cc0.jpg,night,underexposure,3,E:/Track4/Day4/Minilab/track4_day4_minilab/data/generated/underexposure/night_wikimedia_cc0_level_3.png
night_wikimedia_cc0.jpg,night,underexposure,4,E:/Track4/Day4/Minilab/track4_day4_minilab/data/generated/underexposure/night_wikimedia_cc0_level_4.png
night_wikimedia_cc0.jpg,night,overexposure,0,E:/Track4/Day4/Minilab/track4_day4_minilab/data/generated/overexposure/night_wikimedia_cc0_level_0.png
night_wikimedia_cc0.jpg,night,overexposure,1,E:/Track4/Day4/Minilab/track4_day4_minilab/data/generated/overexposure/night_wikimedia_cc0_level_1.png
night_wikimedia_cc0.jpg,night,overexposure,2,E:/Track4/Day4/Minilab/track4_day4_minilab/data/generated/overexposure/night_wikimedia_cc0_level_2.png
night_wikimedia_cc0.jpg,night,overexposure,3,E:/Track4/Day4/Minilab/track4_day4_minilab/data/generated/overexposure/night_wikimedia_cc0_level_3.png
night_wikimedia_cc0.jpg,night,overexposure,4,E:/Track4/Day4/Minilab/track4_day4_minilab/data/generated/overexposure/night_wikimedia_cc0_level_4.png
night_wikimedia_cc0.jpg,night,noise,0,E:/Track4/Day4/Minilab/track4_day4_minilab/data/generated/noise/night_wikimedia_cc0_level_0.png
night_wikimedia_cc0.jpg,night,noise,1,E:/Track4/Day4/Minilab/track4_day4_minilab/data/generated/noise/night_wikimedia_cc0_level_1.png
night_wikimedia_cc0.jpg,night,noise,2,E:/Track4/Day4/Minilab/track4_day4_minilab/data/generated/noise/night_wikimedia_cc0_level_2.png
night_wikimedia_cc0.jpg,night,noise,3,E:/Track4/Day4/Minilab/track4_day4_minilab/data/generated/noise/night_wikimedia_cc0_level_3.png
night_wikimedia_cc0.jpg,night,noise,4,E:/Track4/Day4/Minilab/track4_day4_minilab/data/generated/noise/night_wikimedia_cc0_level_4.png
night_wikimedia_cc0.jpg,night,fog,0,E:/Track4/Day4/Minilab/track4_day4_minilab/data/generated/fog/night_wikimedia_cc0_level_0.png
night_wikimedia_cc0.jpg,night,fog,1,E:/Track4/Day4/Minilab/track4_day4_minilab/data/generated/fog/night_wikimedia_cc0_level_1.png
night_wikimedia_cc0.jpg,night,fog,2,E:/Track4/Day4/Minilab/track4_day4_minilab/data/generated/fog/night_wikimedia_cc0_level_2.png
night_wikimedia_cc0.jpg,night,fog,3,E:/Track4/Day4/Minilab/track4_day4_minilab/data/generated/fog/night_wikimedia_cc0_level_3.png
night_wikimedia_cc0.jpg,night,fog,4,E:/Track4/Day4/Minilab/track4_day4_minilab/data/generated/fog/night_wikimedia_cc0_level_4.png
