source,scene_mode,degradation,severity,image_path,health_score,status,reasons,sharpness,exposure,contrast,noise,laplacian_variance,median_luminance,contrast_span,estimated_noise_sigma,entropy_bits
kitti_um_000032.png,day,blur,0,E:/Track4/Day4/Minilab/track4_day4_minilab/data/generated/blur/kitti_um_000032_level_0.png,99.18,HEALTHY,,1.0,0.9729,1.0,1.0,182.3411,121.0,223.0,1.2396,7.699
kitti_um_000032.png,day,blur,1,E:/Track4/Day4/Minilab/track4_day4_minilab/data/generated/blur/kitti_um_000032_level_1.png,85.59,HEALTHY,,0.6871,0.982,1.0,1.0,67.199,122.0,221.0,0.4405,7.6983
kitti_um_000032.png,day,blur,2,E:/Track4/Day4/Minilab/track4_day4_minilab/data/generated/blur/kitti_um_000032_level_2.png,56.91,DEGRADED,blur_or_low_texture,0.2462,0.9898,1.0,1.0,16.2395,122.0,221.0,0.2917,7.6943
kitti_um_000032.png,day,blur,3,E:/Track4/Day4/Minilab/track4_day4_minilab/data/generated/blur/kitti_um_000032_level_3.png,20.89,CRITICAL,blur_or_low_texture,0.0,0.9965,1.0,1.0,4.1321,122.0,219.0,0.2559,7.6901
kitti_um_000032.png,day,blur,4,E:/Track4/Day4/Minilab/track4_day4_minilab/data/generated/blur/kitti_um_000032_level_4.png,20.91,CRITICAL,blur_or_low_texture,0.0,0.9997,1.0,1.0,2.1721,123.0,217.0,0.2413,7.6895
kitti_um_000032.png,day,underexposure,0,E:/Track4/Day4/Minilab/track4_day4_minilab/data/generated/underexposure/kitti_um_000032_level_0.png,99.18,HEALTHY,,1.0,0.9729,1.0,1.0,182.3411,121.0,223.0,1.2396,7.699
kitti_um_000032.png,day,underexposure,1,E:/Track4/Day4/Minilab/track4_day4_minilab/data/generated/underexposure/kitti_um_000032_level_1.png,93.31,HEALTHY,,0.8415,0.9993,1.0,1.0,109.4131,92.0,169.0,1.7617,7.3486
kitti_um_000032.png,day,underexposure,2,E:/Track4/Day4/Minilab/track4_day4_minilab/data/generated/underexposure/kitti_um_000032_level_2.png,84.67,HEALTHY,,0.6846,0.988,1.0,0.928,72.8974,64.0,120.0,3.4395,6.9255
kitti_um_000032.png,day,underexposure,3,E:/Track4/Day4/Minilab/track4_day4_minilab/data/generated/underexposure/kitti_um_000032_level_3.png,74.54,HEALTHY,,0.709,0.785,0.7356,0.7784,98.2496,40.0,82.0,6.4321,6.5094
kitti_um_000032.png,day,underexposure,4,E:/Track4/Day4/Minilab/track4_day4_minilab/data/generated/underexposure/kitti_um_000032_level_4.png,60.28,DEGRADED,underexposure|low_contrast,0.7733,0.544,0.3908,0.5878,206.1712,22.0,52.0,10.2432,5.8931
kitti_um_000032.png,day,overexposure,0,E:/Track4/Day4/Minilab/track4_day4_minilab/data/generated/overexposure/kitti_um_000032_level_0.png,99.18,HEALTHY,,1.0,0.9729,1.0,1.0,182.3411,121.0,223.0,1.2396,7.699
kitti_um_000032.png,day,overexposure,1,E:/Track4/Day4/Minilab/track4_day4_minilab/data/generated/overexposure/kitti_um_000032_level_1.png,83.48,HEALTHY,overexposure,1.0,0.5477,1.0,1.0,247.9585,177.0,219.0,1.5483,6.8691
kitti_um_000032.png,day,overexposure,2,E:/Track4/Day4/Minilab/track4_day4_minilab/data/generated/overexposure/kitti_um_000032_level_2.png,71.01,HEALTHY,overexposure,1.0,0.3194,1.0,1.0,234.8514,238.0,198.0,1.4421,5.1285
kitti_um_000032.png,day,overexposure,3,E:/Track4/Day4/Minilab/track4_day4_minilab/data/generated/overexposure/kitti_um_000032_level_3.png,30.86,CRITICAL,overexposure,0.9946,0.0,1.0,1.0,176.9538,255.0,166.0,1.3316,4.5478
kitti_um_000032.png,day,overexposure,4,E:/Track4/Day4/Minilab/track4_day4_minilab/data/generated/overexposure/kitti_um_000032_level_4.png,28.96,CRITICAL,overexposure,0.8487,0.0,1.0,1.0,111.8949,255.0,126.0,1.0944,3.715
kitti_um_000032.png,day,noise,0,E:/Track4/Day4/Minilab/track4_day4_minilab/data/generated/noise/kitti_um_000032_level_0.png,99.18,HEALTHY,,1.0,0.9729,1.0,1.0,182.3411,121.0,223.0,1.2396,7.699
kitti_um_000032.png,day,noise,1,E:/Track4/Day4/Minilab/track4_day4_minilab/data/generated/noise/kitti_um_000032_level_1.png,97.53,HEALTHY,,0.9744,0.9753,1.0,0.9535,194.0541,121.0,223.0,2.9292,7.739
kitti_um_000032.png,day,noise,2,E:/Track4/Day4/Minilab/track4_day4_minilab/data/generated/noise/kitti_um_000032_level_2.png,90.85,HEALTHY,,0.8789,0.9769,1.0,0.7798,254.3118,121.0,223.0,6.4044,7.798
kitti_um_000032.png,day,noise,3,E:/Track4/Day4/Minilab/track4_day4_minilab/data/generated/noise/kitti_um_000032_level_3.png,78.02,HEALTHY,high_noise,0.7191,0.9701,1.0,0.4892,454.4328,120.0,225.0,12.2153,7.8771
kitti_um_000032.png,day,noise,4,E:/Track4/Day4/Minilab/track4_day4_minilab/data/generated/noise/kitti_um_000032_level_4.png,51.5,DEGRADED,blur_or_low_texture|high_noise,0.4967,0.9551,1.0,0.0849,939.8879,119.0,227.0,20.3015,7.9408
kitti_um_000032.png,day,fog,0,E:/Track4/Day4/Minilab/track4_day4_minilab/data/generated/fog/kitti_um_000032_level_0.png,99.18,HEALTHY,,1.0,0.9729,1.0,1.0,182.3411,121.0,223.0,1.2396,7.699
kitti_um_000032.png,day,fog,1,E:/Track4/Day4/Minilab/track4_day4_minilab/data/generated/fog/kitti_um_000032_level_1.png,96.88,HEALTHY,,0.9239,1.0,1.0,1.0,141.7398,131.0,196.0,1.1161,7.5167
kitti_um_000032.png,day,fog,2,E:/Track4/Day4/Minilab/track4_day4_minilab/data/generated/fog/kitti_um_000032_level_2.png,84.4,HEALTHY,,0.6544,1.0,1.0,1.0,60.6024,143.0,164.0,0.5512,7.2787
kitti_um_000032.png,day,fog,3,E:/Track4/Day4/Minilab/track4_day4_minilab/data/generated/fog/kitti_um_000032_level_3.png,64.2,DEGRADED,blur_or_low_texture,0.3303,1.0,1.0,1.0,21.4148,157.0,127.0,0.3343,6.8923
kitti_um_000032.png,day,fog,4,E:/Track4/Day4/Minilab/track4_day4_minilab/data/generated/fog/kitti_um_000032_level_4.png,20.06,CRITICAL,blur_or_low_texture,0.0,1.0,0.7586,1.0,6.6111,173.0,84.0,0.2612,6.3165
kitti_umm_000005.png,day,blur,0,E:/Track4/Day4/Minilab/track4_day4_minilab/data/generated/blur/kitti_umm_000005_level_0.png,98.52,HEALTHY,,1.0,0.9516,1.0,1.0,240.6612,86.0,206.0,1.303,7.5965
kitti_umm_000005.png,day,blur,1,E:/Track4/Day4/Minilab/track4_day4_minilab/data/generated/blur/kitti_umm_000005_level_1.png,89.34,HEALTHY,,0.7757,0.9637,1.0,1.0,88.913,87.0,202.0,0.4835,7.623
kitti_umm_000005.png,day,blur,2,E:/Track4/Day4/Minilab/track4_day4_minilab/data/generated/blur/kitti_umm_000005_level_2.png,63.6,DEGRADED,blur_or_low_texture,0.3284,0.9767,1.0,1.0,21.2813,88.0,198.0,0.309,7.6463
kitti_umm_000005.png,day,blur,3,E:/Track4/Day4/Minilab/track4_day4_minilab/data/generated/blur/kitti_umm_000005_level_3.png,20.85,CRITICAL,blur_or_low_texture,0.0,0.9898,1.0,1.0,5.1369,90.0,193.0,0.2751,7.6434
kitti_umm_000005.png,day,blur,4,E:/Track4/Day4/Minilab/track4_day4_minilab/data/generated/blur/kitti_umm_000005_level_4.png,20.89,CRITICAL,blur_or_low_texture,0.0,0.9968,1.0,1.0,2.4854,91.0,188.0,0.2656,7.6126
kitti_umm_000005.png,day,underexposure,0,E:/Track4/Day4/Minilab/track4_day4_minilab/data/generated/underexposure/kitti_umm_000005_level_0.png,98.52,HEALTHY,,1.0,0.9516,1.0,1.0,240.6612,86.0,206.0,1.303,7.5965
kitti_umm_000005.png,day,underexposure,1,E:/Track4/Day4/Minilab/track4_day4_minilab/data/generated/underexposure/kitti_umm_000005_level_1.png,96.94,HEALTHY,,0.9268,0.9979,1.0,1.0,143.0401,65.0,157.0,1.8061,7.2684
kitti_umm_000005.png,day,underexposure,2,E:/Track4/Day4/Minilab/track4_day4_minilab/data/generated/underexposure/kitti_umm_000005_level_2.png,84.34,HEALTHY,,0.7458,0.8709,1.0,0.9258,89.4376,45.0,111.0,3.483,6.8348
kitti_umm_000005.png,day,underexposure,3,E:/Track4/Day4/Minilab/track4_day4_minilab/data/generated/underexposure/kitti_umm_000005_level_3.png,71.25,HEALTHY,,0.7292,0.6904,0.6552,0.7756,106.1517,30.0,75.0,6.488,6.3533
kitti_umm_000005.png,day,underexposure,4,E:/Track4/Day4/Minilab/track4_day4_minilab/data/generated/underexposure/kitti_umm_000005_level_4.png,57.67,DEGRADED,underexposure|low_contrast,0.7768,0.5024,0.3333,0.5943,199.3614,19.0,47.0,10.115,5.7478
kitti_umm_000005.png,day,overexposure,0,E:/Track4/Day4/Minilab/track4_day4_minilab/data/generated/overexposure/kitti_umm_000005_level_0.png,98.52,HEALTHY,,1.0,0.9516,1.0,1.0,240.6612,86.0,206.0,1.303,7.5965
kitti_umm_000005.png,day,overexposure,1,E:/Track4/Day4/Minilab/track4_day4_minilab/data/generated/overexposure/kitti_umm_000005_level_1.png,92.61,HEALTHY,,1.0,0.7743,1.0,1.0,329.6024,128.0,218.0,1.7795,7.42
kitti_umm_000005.png,day,overexposure,2,E:/Track4/Day4/Minilab/track4_day4_minilab/data/generated/overexposure/kitti_umm_000005_level_2.png,83.48,HEALTHY,overexposure,1.0,0.5477,1.0,1.0,340.0871,178.0,197.0,1.949,6.3855
kitti_umm_000005.png,day,overexposure,3,E:/Track4/Day4/Minilab/track4_day4_minilab/data/generated/overexposure/kitti_umm_000005_level_3.png,65.57,DEGRADED,overexposure,1.0,0.2449,1.0,1.0,290.0156,245.0,165.0,1.8919,5.1655
kitti_umm_000005.png,day,overexposure,4,E:/Track4/Day4/Minilab/track4_day4_minilab/data/generated/overexposure/kitti_umm_000005_level_4.png,30.92,CRITICAL,overexposure,1.0,0.0,1.0,1.0,194.0983,255.0,124.0,1.4157,3.2883
kitti_umm_000005.png,day,noise,0,E:/Track4/Day4/Minilab/track4_day4_minilab/data/generated/noise/kitti_umm_000005_level_0.png,98.52,HEALTHY,,1.0,0.9516,1.0,1.0,240.6612,86.0,206.0,1.303,7.5965
kitti_umm_000005.png,day,noise,1,E:/Track4/Day4/Minilab/track4_day4_minilab/data/generated/noise/kitti_umm_000005_level_1.png,96.52,HEALTHY,,0.9692,0.9537,1.0,0.944,253.656,85.0,206.0,3.121,7.6589
kitti_umm_000005.png,day,noise,2,E:/Track4/Day4/Minilab/track4_day4_minilab/data/generated/noise/kitti_umm_000005_level_2.png,89.67,HEALTHY,,0.8678,0.9636,1.0,0.7596,319.1543,86.0,208.0,6.8081,7.7201
kitti_umm_000005.png,day,noise,3,E:/Track4/Day4/Minilab/track4_day4_minilab/data/generated/noise/kitti_umm_000005_level_3.png,76.42,HEALTHY,high_noise,0.7014,0.9687,1.0,0.457,536.1844,87.0,212.0,12.8596,7.7862
kitti_umm_000005.png,day,noise,4,E:/Track4/Day4/Minilab/track4_day4_minilab/data/generated/noise/kitti_umm_000005_level_4.png,40.51,DEGRADED,blur_or_low_texture|high_noise,0.4612,0.9687,1.0,0.0203,1080.3289,90.0,215.0,21.5934,7.8552
kitti_umm_000005.png,day,fog,0,E:/Track4/Day4/Minilab/track4_day4_minilab/data/generated/fog/kitti_umm_000005_level_0.png,98.52,HEALTHY,,1.0,0.9516,1.0,1.0,240.6612,86.0,206.0,1.303,7.5965
kitti_umm_000005.png,day,fog,1,E:/Track4/Day4/Minilab/track4_day4_minilab/data/generated/fog/kitti_umm_000005_level_1.png,100.0,HEALTHY,,1.0,1.0,1.0,1.0,186.7984,100.0,182.0,1.1757,7.4146
kitti_umm_000005.png,day,fog,2,E:/Track4/Day4/Minilab/track4_day4_minilab/data/generated/fog/kitti_umm_000005_level_2.png,88.75,HEALTHY,,0.742,1.0,1.0,1.0,79.9409,117.0,151.0,0.5958,7.2031
kitti_umm_000005.png,day,fog,3,E:/Track4/Day4/Minilab/track4_day4_minilab/data/generated/fog/kitti_umm_000005_level_3.png,70.24,HEALTHY,blur_or_low_texture,0.4135,1.0,1.0,1.0,28.0554,137.0,115.0,0.3654,6.8243
kitti_umm_000005.png,day,fog,4,E:/Track4/Day4/Minilab/track4_day4_minilab/data/generated/fog/kitti_umm_000005_level_4.png,28.73,CRITICAL,blur_or_low_texture,0.0515,1.0,0.6667,1.0,8.3927,160.0,76.0,0.2751,6.2581
kitti_uu_000010.png,day,blur,0,E:/Track4/Day4/Minilab/track4_day4_minilab/data/generated/blur/kitti_uu_000010_level_0.png,95.87,HEALTHY,,0.9112,0.9836,1.0,1.0,136.209,119.0,193.0,1.1037,7.611
kitti_uu_000010.png,day,blur,1,E:/Track4/Day4/Minilab/track4_day4_minilab/data/generated/blur/kitti_uu_000010_level_1.png,81.09,HEALTHY,,0.5975,0.988,1.0,1.0,50.5819,119.0,190.0,0.4215,7.5959
kitti_uu_000010.png,day,blur,2,E:/Track4/Day4/Minilab/track4_day4_minilab/data/generated/blur/kitti_uu_000010_level_2.png,49.47,DEGRADED,blur_or_low_texture,0.173,0.9932,1.0,1.0,12.7215,118.0,189.0,0.3037,7.5693
kitti_uu_000010.png,day,blur,3,E:/Track4/Day4/Minilab/track4_day4_minilab/data/generated/blur/kitti_uu_000010_level_3.png,20.9,CRITICAL,blur_or_low_texture,0.0,0.9978,1.0,1.0,3.5593,118.0,186.0,0.2633,7.5218
kitti_uu_000010.png,day,blur,4,E:/Track4/Day4/Minilab/track4_day4_minilab/data/generated/blur/kitti_uu_000010_level_4.png,20.91,CRITICAL,blur_or_low_texture,0.0,0.9999,1.0,1.0,2.0303,118.0,184.0,0.2452,7.4785
kitti_uu_000010.png,day,underexposure,0,E:/Track4/Day4/Minilab/track4_day4_minilab/data/generated/underexposure/kitti_uu_000010_level_0.png,95.87,HEALTHY,,0.9112,0.9836,1.0,1.0,136.209,119.0,193.0,1.1037,7.611
kitti_uu_000010.png,day,underexposure,1,E:/Track4/Day4/Minilab/track4_day4_minilab/data/generated/underexposure/kitti_uu_000010_level_1.png,89.27,HEALTHY,,0.7532,0.9997,1.0,1.0,82.8174,90.0,146.0,1.6569,7.2509
kitti_uu_000010.png,day,underexposure,2,E:/Track4/Day4/Minilab/track4_day4_minilab/data/generated/underexposure/kitti_uu_000010_level_2.png,81.94,HEALTHY,,0.6267,0.9954,1.0,0.9297,60.1106,63.0,105.0,3.4062,6.8383
kitti_uu_000010.png,day,underexposure,3,E:/Track4/Day4/Minilab/track4_day4_minilab/data/generated/underexposure/kitti_uu_000010_level_3.png,73.41,HEALTHY,,0.7011,0.8194,0.6322,0.7737,96.2442,41.0,73.0,6.5265,6.4243
kitti_uu_000010.png,day,underexposure,4,E:/Track4/Day4/Minilab/track4_day4_minilab/data/generated/underexposure/kitti_uu_000010_level_4.png,59.76,DEGRADED,low_contrast,0.7664,0.5756,0.3448,0.5752,211.241,23.0,48.0,10.4957,5.8222
kitti_uu_000010.png,day,overexposure,0,E:/Track4/Day4/Minilab/track4_day4_minilab/data/generated/overexposure/kitti_uu_000010_level_0.png,95.87,HEALTHY,,0.9112,0.9836,1.0,1.0,136.209,119.0,193.0,1.1037,7.611
kitti_uu_000010.png,day,overexposure,1,E:/Track4/Day4/Minilab/track4_day4_minilab/data/generated/overexposure/kitti_uu_000010_level_1.png,89.07,HEALTHY,,1.0,0.6798,1.0,1.0,198.0722,174.0,207.0,1.4309,7.3914
kitti_uu_000010.png,day,overexposure,2,E:/Track4/Day4/Minilab/track4_day4_minilab/data/generated/overexposure/kitti_uu_000010_level_2.png,71.01,HEALTHY,overexposure,1.0,0.3194,1.0,1.0,210.9643,238.0,182.0,1.4078,5.606
kitti_uu_000010.png,day,overexposure,3,E:/Track4/Day4/Minilab/track4_day4_minilab/data/generated/overexposure/kitti_uu_000010_level_3.png,30.7,CRITICAL,overexposure,0.9823,0.0,1.0,1.0,170.274,255.0,144.0,1.0527,3.5413
kitti_uu_000010.png,day,overexposure,4,E:/Track4/Day4/Minilab/track4_day4_minilab/data/generated/overexposure/kitti_uu_000010_level_4.png,28.54,CRITICAL,overexposure,0.8481,0.0,0.908,1.0,111.7078,255.0,97.0,0.9216,2.6352
kitti_uu_000010.png,day,noise,0,E:/Track4/Day4/Minilab/track4_day4_minilab/data/generated/noise/kitti_uu_000010_level_0.png,95.87,HEALTHY,,0.9112,0.9836,1.0,1.0,136.209,119.0,193.0,1.1037,7.611
kitti_uu_000010.png,day,noise,1,E:/Track4/Day4/Minilab/track4_day4_minilab/data/generated/noise/kitti_uu_000010_level_1.png,95.39,HEALTHY,,0.9157,0.9844,1.0,0.9525,149.2279,118.0,194.0,2.9497,7.6564
kitti_uu_000010.png,day,noise,2,E:/Track4/Day4/Minilab/track4_day4_minilab/data/generated/noise/kitti_uu_000010_level_2.png,90.52,HEALTHY,,0.8704,0.9874,1.0,0.7643,216.1275,119.0,197.0,6.7139,7.7432
kitti_uu_000010.png,day,noise,3,E:/Track4/Day4/Minilab/track4_day4_minilab/data/generated/noise/kitti_uu_000010_level_3.png,76.91,HEALTHY,high_noise,0.7017,0.9882,1.0,0.4577,438.9726,120.0,202.0,12.8459,7.8474
kitti_uu_000010.png,day,noise,4,E:/Track4/Day4/Minilab/track4_day4_minilab/data/generated/noise/kitti_uu_000010_level_4.png,40.6,DEGRADED,blur_or_low_texture|high_noise,0.4609,0.9841,1.0,0.0198,995.8962,121.0,208.0,21.6036,7.9249
kitti_uu_000010.png,day,fog,0,E:/Track4/Day4/Minilab/track4_day4_minilab/data/generated/fog/kitti_uu_000010_level_0.png,95.87,HEALTHY,,0.9112,0.9836,1.0,1.0,136.209,119.0,193.0,1.1037,7.611
kitti_uu_000010.png,day,fog,1,E:/Track4/Day4/Minilab/track4_day4_minilab/data/generated/fog/kitti_uu_000010_level_1.png,92.88,HEALTHY,,0.8313,1.0,1.0,1.0,105.9551,129.0,170.0,1.0002,7.4266
kitti_uu_000010.png,day,fog,2,E:/Track4/Day4/Minilab/track4_day4_minilab/data/generated/fog/kitti_uu_000010_level_2.png,79.62,HEALTHY,,0.5656,1.0,1.0,1.0,45.6945,141.0,142.0,0.513,7.1759
kitti_uu_000010.png,day,fog,3,E:/Track4/Day4/Minilab/track4_day4_minilab/data/generated/fog/kitti_uu_000010_level_3.png,57.5,DEGRADED,blur_or_low_texture,0.2507,1.0,1.0,1.0,16.4875,155.0,109.0,0.3414,6.7894
kitti_uu_000010.png,day,fog,4,E:/Track4/Day4/Minilab/track4_day4_minilab/data/generated/fog/kitti_uu_000010_level_4.png,19.47,CRITICAL,blur_or_low_texture,0.0,1.0,0.6207,1.0,5.4247,172.0,72.0,0.2702,6.2009
night_wikimedia_cc0.jpg,night,blur,0,E:/Track4/Day4/Minilab/track4_day4_minilab/data/generated/blur/night_wikimedia_cc0_level_0.png,82.27,HEALTHY,,0.7608,0.9994,1.0,0.5652,903.37,50.0,134.0,10.6968,6.8069
night_wikimedia_cc0.jpg,night,blur,1,E:/Track4/Day4/Minilab/track4_day4_minilab/data/generated/blur/night_wikimedia_cc0_level_1.png,92.86,HEALTHY,,0.831,0.9999,1.0,1.0,105.8608,51.0,113.0,0.986,6.6489
night_wikimedia_cc0.jpg,night,blur,2,E:/Track4/Day4/Minilab/track4_day4_minilab/data/generated/blur/night_wikimedia_cc0_level_2.png,49.5,DEGRADED,blur_or_low_texture,0.1724,1.0,1.0,1.0,12.6954,52.0,106.0,0.3141,6.556
night_wikimedia_cc0.jpg,night,blur,3,E:/Track4/Day4/Minilab/track4_day4_minilab/data/generated/blur/night_wikimedia_cc0_level_3.png,20.91,CRITICAL,blur_or_low_texture,0.0,1.0,1.0,1.0,3.1682,53.0,101.0,0.2895,6.4624
night_wikimedia_cc0.jpg,night,blur,4,E:/Track4/Day4/Minilab/track4_day4_minilab/data/generated/blur/night_wikimedia_cc0_level_4.png,20.91,CRITICAL,blur_or_low_texture,0.0,1.0,1.0,1.0,2.0627,53.0,99.0,0.2737,6.3852
night_wikimedia_cc0.jpg,night,underexposure,0,E:/Track4/Day4/Minilab/track4_day4_minilab/data/generated/underexposure/night_wikimedia_cc0_level_0.png,82.27,HEALTHY,,0.7608,0.9994,1.0,0.5652,903.37,50.0,134.0,10.6968,6.8069
night_wikimedia_cc0.jpg,night,underexposure,1,E:/Track4/Day4/Minilab/track4_day4_minilab/data/generated/underexposure/night_wikimedia_cc0_level_1.png,87.23,HEALTHY,,0.8226,0.9998,1.0,0.6774,525.5919,37.0,101.0,8.4526,6.421
night_wikimedia_cc0.jpg,night,underexposure,2,E:/Track4/Day4/Minilab/track4_day4_minilab/data/generated/underexposure/night_wikimedia_cc0_level_2.png,89.78,HEALTHY,,0.8569,0.9972,1.0,0.7398,275.2759,26.0,72.0,7.2039,5.9783
night_wikimedia_cc0.jpg,night,underexposure,3,E:/Track4/Day4/Minilab/track4_day4_minilab/data/generated/underexposure/night_wikimedia_cc0_level_3.png,87.31,HEALTHY,,0.832,0.9664,1.0,0.7077,175.1954,18.0,50.0,7.8462,5.6214
night_wikimedia_cc0.jpg,night,underexposure,4,E:/Track4/Day4/Minilab/track4_day4_minilab/data/generated/underexposure/night_wikimedia_cc0_level_4.png,79.44,HEALTHY,,0.7935,0.8906,0.8056,0.6251,179.739,12.0,35.0,9.4972,5.2434
night_wikimedia_cc0.jpg,night,overexposure,0,E:/Track4/Day4/Minilab/track4_day4_minilab/data/generated/overexposure/night_wikimedia_cc0_level_0.png,82.27,HEALTHY,,0.7608,0.9994,1.0,0.5652,903.37,50.0,134.0,10.6968,6.8069
night_wikimedia_cc0.jpg,night,overexposure,1,E:/Track4/Day4/Minilab/track4_day4_minilab/data/generated/overexposure/night_wikimedia_cc0_level_1.png,73.36,HEALTHY,high_noise,0.6683,0.9673,1.0,0.3969,1453.1755,77.0,187.0,14.0627,7.167
night_wikimedia_cc0.jpg,night,overexposure,2,E:/Track4/Day4/Minilab/track4_day4_minilab/data/generated/overexposure/night_wikimedia_cc0_level_2.png,67.55,DEGRADED,high_noise,0.6236,0.9035,1.0,0.3156,1662.7963,112.0,188.0,15.6882,7.2656
night_wikimedia_cc0.jpg,night,overexposure,3,E:/Track4/Day4/Minilab/track4_day4_minilab/data/generated/overexposure/night_wikimedia_cc0_level_3.png,61.95,DEGRADED,high_noise,0.6277,0.6633,1.0,0.3231,1500.8887,162.0,158.0,15.5374,7.1072
night_wikimedia_cc0.jpg,night,overexposure,4,E:/Track4/Day4/Minilab/track4_day4_minilab/data/generated/overexposure/night_wikimedia_cc0_level_4.png,52.7,DEGRADED,overexposure|high_noise,0.7098,0.2717,1.0,0.4724,973.9888,223.0,116.0,12.5529,6.3731
night_wikimedia_cc0.jpg,night,noise,0,E:/Track4/Day4/Minilab/track4_day4_minilab/data/generated/noise/night_wikimedia_cc0_level_0.png,82.27,HEALTHY,,0.7608,0.9994,1.0,0.5652,903.37,50.0,134.0,10.6968,6.8069
night_wikimedia_cc0.jpg,night,noise,1,E:/Track4/Day4/Minilab/track4_day4_minilab/data/generated/noise/night_wikimedia_cc0_level_1.png,80.4,HEALTHY,,0.7386,0.9994,1.0,0.5247,916.0751,49.0,133.0,11.5056,6.8282
night_wikimedia_cc0.jpg,night,noise,2,E:/Track4/Day4/Minilab/track4_day4_minilab/data/generated/noise/night_wikimedia_cc0_level_2.png,74.59,HEALTHY,high_noise,0.6737,0.9991,1.0,0.4068,981.595,50.0,135.0,13.8649,6.8995
night_wikimedia_cc0.jpg,night,noise,3,E:/Track4/Day4/Minilab/track4_day4_minilab/data/generated/noise/night_wikimedia_cc0_level_3.png,60.28,DEGRADED,blur_or_low_texture|high_noise,0.5455,0.9961,1.0,0.1737,1203.4249,51.0,141.0,18.5256,7.0548
night_wikimedia_cc0.jpg,night,noise,4,E:/Track4/Day4/Minilab/track4_day4_minilab/data/generated/noise/night_wikimedia_cc0_level_4.png,40.28,DEGRADED,blur_or_low_texture|high_noise,0.45,0.9893,1.0,0.0,1691.9102,54.0,149.0,25.6148,7.2322
night_wikimedia_cc0.jpg,night,fog,0,E:/Track4/Day4/Minilab/track4_day4_minilab/data/generated/fog/night_wikimedia_cc0_level_0.png,82.27,HEALTHY,,0.7608,0.9994,1.0,0.5652,903.37,50.0,134.0,10.6968,6.8069
night_wikimedia_cc0.jpg,night,fog,1,E:/Track4/Day4/Minilab/track4_day4_minilab/data/generated/fog/night_wikimedia_cc0_level_1.png,85.13,HEALTHY,,0.7958,1.0,1.0,0.6288,700.0201,68.0,117.0,9.4241,6.6216
night_wikimedia_cc0.jpg,night,fog,2,E:/Track4/Day4/Minilab/track4_day4_minilab/data/generated/fog/night_wikimedia_cc0_level_2.png,97.66,HEALTHY,,0.9509,1.0,1.0,0.9765,160.4199,90.0,87.0,2.4692,6.2607
night_wikimedia_cc0.jpg,night,fog,3,E:/Track4/Day4/Minilab/track4_day4_minilab/data/generated/fog/night_wikimedia_cc0_level_3.png,72.42,HEALTHY,blur_or_low_texture,0.4463,1.0,1.0,1.0,31.1813,117.0,64.0,0.551,5.8352
night_wikimedia_cc0.jpg,night,fog,4,E:/Track4/Day4/Minilab/track4_day4_minilab/data/generated/fog/night_wikimedia_cc0_level_4.png,20.28,CRITICAL,blur_or_low_texture,0.0027,0.9157,0.9722,1.0,7.0678,146.0,41.0,0.296,5.2134
