degradation_type,severity_param,severity_label,health_score,status,action,q_sharpness,q_exposure,q_contrast,q_noise,reasons
nominal,0.0,clean,98.0,HEALTHY,use_camera_full_confidence,1.0,1.0,0.92,0.958,nominal
blur,0.5,sigma_0.5,81.9,HEALTHY,use_camera_full_confidence,0.598,1.0,0.9,1.0,nominal
blur,1.0,sigma_1.0,58.8,DEGRADED,down_weight_camera_increase_lidar_radar,0.029,1.0,0.88,1.0,blur_or_defocus
blur,2.0,sigma_2.0,57.2,DEGRADED,down_weight_camera_increase_lidar_radar,0.0,1.0,0.86,1.0,blur_or_defocus
blur,3.5,sigma_3.5,57.0,DEGRADED,down_weight_camera_increase_lidar_radar,0.0,1.0,0.85,1.0,blur_or_defocus
blur,5.5,sigma_5.5,56.6,DEGRADED,down_weight_camera_increase_lidar_radar,0.0,1.0,0.83,1.0,blur_or_defocus
underexposure,0.85,gain_0.85,94.7,HEALTHY,use_camera_full_confidence,1.0,1.0,0.74,0.992,nominal
underexposure,0.65,gain_0.65,81.3,HEALTHY,use_camera_full_confidence,0.787,1.0,0.49,1.0,nominal
underexposure,0.45,gain_0.45,58.9,DEGRADED,down_weight_camera_increase_lidar_radar,0.353,0.994,0.25,1.0,blur_or_defocus;low_contrast_fog_rain
underexposure,0.25,gain_0.25,32.5,CRITICAL,fallback_drop_camera_trigger_alert,0.07,0.657,0.0,1.0,blur_or_defocus;mild_underexposure;low_contrast_fog_rain
underexposure,0.12,gain_0.12,11.4,CRITICAL,fallback_drop_camera_trigger_alert,0.0,0.046,0.0,1.0,blur_or_defocus;severe_underexposure;low_contrast_fog_rain
overexposure,1.2,gain_1.2,99.1,HEALTHY,use_camera_full_confidence,1.0,0.999,1.0,0.911,nominal
overexposure,1.5,gain_1.5,92.0,HEALTHY,use_camera_full_confidence,1.0,0.781,1.0,0.86,nominal
overexposure,1.8,gain_1.8,83.3,HEALTHY,use_camera_full_confidence,1.0,0.499,1.0,0.832,glare_or_overexposure
overexposure,2.2,gain_2.2,76.3,HEALTHY,use_camera_full_confidence,1.0,0.278,1.0,0.795,glare_or_overexposure
overexposure,2.8,gain_2.8,70.0,HEALTHY,use_camera_full_confidence,1.0,0.227,0.78,0.757,glare_or_overexposure
sensor_noise,5.0,noise_5,96.5,HEALTHY,use_camera_full_confidence,1.0,1.0,0.93,0.795,nominal
sensor_noise,12.0,noise_12,94.5,HEALTHY,use_camera_full_confidence,1.0,1.0,0.99,0.466,nominal
sensor_noise,22.0,noise_22,89.9,HEALTHY,use_camera_full_confidence,1.0,0.998,1.0,0.0,high_sensor_noise
sensor_noise,35.0,noise_35,89.6,HEALTHY,use_camera_full_confidence,1.0,0.987,1.0,0.0,high_sensor_noise
sensor_noise,50.0,noise_50,88.9,HEALTHY,use_camera_full_confidence,1.0,0.963,1.0,0.0,high_sensor_noise
fog,0.2,fog_0.2,93.6,HEALTHY,use_camera_full_confidence,1.0,1.0,0.68,1.0,nominal
fog,0.4,fog_0.4,75.3,HEALTHY,use_camera_full_confidence,0.667,1.0,0.43,1.0,nominal
fog,0.6,fog_0.6,54.4,DEGRADED,down_weight_camera_increase_lidar_radar,0.266,1.0,0.19,1.0,blur_or_defocus;low_contrast_fog_rain
fog,0.8,fog_0.8,41.0,DEGRADED,down_weight_camera_increase_lidar_radar,0.024,1.0,0.0,1.0,blur_or_defocus;low_contrast_fog_rain
